"State","Percentage","Date","Candidates"
"National",31.740851,2019-03-01,"Biden"
"National",31.72821,2019-03-02,"Biden"
"National",31.72821,2019-03-03,"Biden"
"National",28.721508,2019-03-04,"Biden"
"National",28.176862,2019-03-05,"Biden"
"National",28.176862,2019-03-06,"Biden"
"National",28.176862,2019-03-07,"Biden"
"National",28.176862,2019-03-08,"Biden"
"National",28.176862,2019-03-09,"Biden"
"National",28.17852,2019-03-10,"Biden"
"National",29.369626,2019-03-11,"Biden"
"National",29.369626,2019-03-12,"Biden"
"National",29.369626,2019-03-13,"Biden"
"National",29.369626,2019-03-14,"Biden"
"National",29.369626,2019-03-15,"Biden"
"National",29.369626,2019-03-16,"Biden"
"National",29.372111,2019-03-17,"Biden"
"National",29.84044,2019-03-18,"Biden"
"National",28.259273,2019-03-19,"Biden"
"National",28.259273,2019-03-20,"Biden"
"National",28.803028,2019-03-21,"Biden"
"National",28.835205,2019-03-22,"Biden"
"National",28.835205,2019-03-23,"Biden"
"National",28.842948,2019-03-24,"Biden"
"National",29.281803,2019-03-25,"Biden"
"National",29.236116,2019-03-26,"Biden"
"National",29.482711,2019-03-27,"Biden"
"National",29.48115,2019-03-28,"Biden"
"National",29.48115,2019-03-29,"Biden"
"National",29.48115,2019-03-30,"Biden"
"National",29.4801,2019-03-31,"Biden"
"National",29.20017,2019-04-01,"Biden"
"National",29.20017,2019-04-02,"Biden"
"National",29.20017,2019-04-03,"Biden"
"National",29.20017,2019-04-04,"Biden"
"National",29.189358,2019-04-05,"Biden"
"National",29.189358,2019-04-06,"Biden"
"National",29.676717,2019-04-07,"Biden"
"National",29.607859,2019-04-08,"Biden"
"National",29.58323,2019-04-09,"Biden"
"National",29.517487,2019-04-10,"Biden"
"National",29.467128,2019-04-11,"Biden"
"National",29.467128,2019-04-12,"Biden"
"National",29.467128,2019-04-13,"Biden"
"National",29.467128,2019-04-14,"Biden"
"National",27.669992,2019-04-15,"Biden"
"National",26.298995,2019-04-16,"Biden"
"National",26.298995,2019-04-17,"Biden"
"National",26.298995,2019-04-18,"Biden"
"National",26.24372,2019-04-19,"Biden"
"National",25.7155,2019-04-20,"Biden"
"National",25.7155,2019-04-21,"Biden"
"National",25.845245,2019-04-22,"Biden"
"National",25.842395,2019-04-23,"Biden"
"National",25.480647,2019-04-24,"Biden"
"National",25.480647,2019-04-25,"Biden"
"National",24.255373,2019-04-26,"Biden"
"National",24.255373,2019-04-27,"Biden"
"National",24.255373,2019-04-28,"Biden"
"National",27.665526,2019-04-29,"Biden"
"National",28.903312,2019-04-30,"Biden"
"National",28.872485,2019-05-01,"Biden"
"National",29.515447,2019-05-02,"Biden"
"National",29.559352,2019-05-03,"Biden"
"National",29.559352,2019-05-04,"Biden"
"National",30.707466,2019-05-05,"Biden"
"National",32.234481,2019-05-06,"Biden"
"National",32.234481,2019-05-07,"Biden"
"National",32.228266,2019-05-08,"Biden"
"National",32.231672,2019-05-09,"Biden"
"National",34.0697,2019-05-10,"Biden"
"National",34.06592,2019-05-11,"Biden"
"National",33.919689,2019-05-12,"Biden"
"National",33.441361,2019-05-13,"Biden"
"National",33.441361,2019-05-14,"Biden"
"National",33.581402,2019-05-15,"Biden"
"National",33.581402,2019-05-16,"Biden"
"National",33.581402,2019-05-17,"Biden"
"National",33.581402,2019-05-18,"Biden"
"National",34.121853,2019-05-19,"Biden"
"National",34.508232,2019-05-20,"Biden"
"National",34.32718,2019-05-21,"Biden"
"National",34.159916,2019-05-22,"Biden"
"National",34.159916,2019-05-23,"Biden"
"National",34.159916,2019-05-24,"Biden"
"National",34.159916,2019-05-25,"Biden"
"National",34.703628,2019-05-26,"Biden"
"National",34.710955,2019-05-27,"Biden"
"National",34.710955,2019-05-28,"Biden"
"National",34.657185,2019-05-29,"Biden"
"National",34.703278,2019-05-30,"Biden"
"National",35.317462,2019-05-31,"Biden"
"National",34.81671,2019-06-01,"Biden"
"National",34.81671,2019-06-02,"Biden"
"National",34.871556,2019-06-03,"Biden"
"National",34.858365,2019-06-04,"Biden"
"National",33.922668,2019-06-05,"Biden"
"National",33.695789,2019-06-06,"Biden"
"National",33.660747,2019-06-07,"Biden"
"National",33.660747,2019-06-08,"Biden"
"National",33.660747,2019-06-09,"Biden"
"National",33.215551,2019-06-10,"Biden"
"National",32.192745,2019-06-11,"Biden"
"National",32.109154,2019-06-12,"Biden"
"National",31.796752,2019-06-13,"Biden"
"National",31.796752,2019-06-14,"Biden"
"National",31.795367,2019-06-15,"Biden"
"National",31.78368,2019-06-16,"Biden"
"National",31.602674,2019-06-17,"Biden"
"National",31.257918,2019-06-18,"Biden"
"National",31.202444,2019-06-19,"Biden"
"National",31.202444,2019-06-20,"Biden"
"National",31.178016,2019-06-21,"Biden"
"National",30.361583,2019-06-22,"Biden"
"National",30.361583,2019-06-23,"Biden"
"National",30.015822,2019-06-24,"Biden"
"National",31.20123,2019-06-25,"Biden"
"National",30.478167,2019-06-26,"Biden"
"National",29.631264,2019-06-27,"Biden"
"National",29.680808,2019-06-28,"Biden"
"National",28.946596,2019-06-29,"Biden"
"National",28.725662,2019-06-30,"Biden"
"National",27.833459,2019-07-01,"Biden"
"National",26.777122,2019-07-02,"Biden"
"National",26.596765,2019-07-03,"Biden"
"National",26.596765,2019-07-04,"Biden"
"National",26.626134,2019-07-05,"Biden"
"National",26.626134,2019-07-06,"Biden"
"National",26.626134,2019-07-07,"Biden"
"National",25.552922,2019-07-08,"Biden"
"National",25.804121,2019-07-09,"Biden"
"National",25.727418,2019-07-10,"Biden"
"National",25.714066,2019-07-11,"Biden"
"National",25.736092,2019-07-12,"Biden"
"National",25.727515,2019-07-13,"Biden"
"National",24.812582,2019-07-14,"Biden"
"National",25.271813,2019-07-15,"Biden"
"National",25.282034,2019-07-16,"Biden"
"National",25.030744,2019-07-17,"Biden"
"National",24.847541,2019-07-18,"Biden"
"National",24.707565,2019-07-19,"Biden"
"National",24.707565,2019-07-20,"Biden"
"National",24.707565,2019-07-21,"Biden"
"National",25.271335,2019-07-22,"Biden"
"National",25.285619,2019-07-23,"Biden"
"National",25.755067,2019-07-24,"Biden"
"National",25.755067,2019-07-25,"Biden"
"National",26.379566,2019-07-26,"Biden"
"National",25.613137,2019-07-27,"Biden"
"National",26.214541,2019-07-28,"Biden"
"National",27.400849,2019-07-29,"Biden"
"National",27.803005,2019-07-30,"Biden"
"National",28.02774,2019-07-31,"Biden"
"National",28.489549,2019-08-01,"Biden"
"National",28.461299,2019-08-02,"Biden"
"National",28.440264,2019-08-03,"Biden"
"National",28.599297,2019-08-04,"Biden"
"National",27.870279,2019-08-05,"Biden"
"National",28.456683,2019-08-06,"Biden"
"National",28.07919,2019-08-07,"Biden"
"National",28.170256,2019-08-08,"Biden"
"National",28.285951,2019-08-09,"Biden"
"National",28.272444,2019-08-10,"Biden"
"National",28.38397,2019-08-11,"Biden"
"National",28.516483,2019-08-12,"Biden"
"National",28.530744,2019-08-13,"Biden"
"National",28.355422,2019-08-14,"Biden"
"National",28.390579,2019-08-15,"Biden"
"National",28.426962,2019-08-16,"Biden"
"National",28.430148,2019-08-17,"Biden"
"National",28.450227,2019-08-18,"Biden"
"National",28.411462,2019-08-19,"Biden"
"National",28.487851,2019-08-20,"Biden"
"National",27.643846,2019-08-21,"Biden"
"National",27.701506,2019-08-22,"Biden"
"National",27.706965,2019-08-23,"Biden"
"National",27.772634,2019-08-24,"Biden"
"National",27.852309,2019-08-25,"Biden"
"National",28.263386,2019-08-26,"Biden"
"National",28.397703,2019-08-27,"Biden"
"National",28.409805,2019-08-28,"Biden"
"National",28.457461,2019-08-29,"Biden"
"National",28.200557,2019-08-30,"Biden"
"National",28.16863,2019-08-31,"Biden"
"National",28.094252,2019-09-01,"Biden"
"National",28.043523,2019-09-02,"Biden"
"National",28.119565,2019-09-03,"Biden"
"National",28.148388,2019-09-04,"Biden"
"National",28.011343,2019-09-05,"Biden"
"National",28.190118,2019-09-06,"Biden"
"National",28.257679,2019-09-07,"Biden"
"National",28.095762,2019-09-08,"Biden"
"National",28.070827,2019-09-09,"Biden"
"National",27.703958,2019-09-10,"Biden"
"National",27.394073,2019-09-11,"Biden"
"National",27.490792,2019-09-12,"Biden"
"National",26.761191,2019-09-13,"Biden"
"National",26.767601,2019-09-14,"Biden"
"National",26.767601,2019-09-15,"Biden"
"National",27.059526,2019-09-16,"Biden"
"National",27.972833,2019-09-17,"Biden"
"National",28.135307,2019-09-18,"Biden"
"National",28.065268,2019-09-19,"Biden"
"National",28.093141,2019-09-20,"Biden"
"National",27.552932,2019-09-21,"Biden"
"National",27.642204,2019-09-22,"Biden"
"National",27.939577,2019-09-23,"Biden"
"National",27.528514,2019-09-24,"Biden"
"National",27.342002,2019-09-25,"Biden"
"National",27.305567,2019-09-26,"Biden"
"National",27.356461,2019-09-27,"Biden"
"National",27.356461,2019-09-28,"Biden"
"National",27.370951,2019-09-29,"Biden"
"National",27.182513,2019-09-30,"Biden"
"National",26.905977,2019-10-01,"Biden"
"National",26.782396,2019-10-02,"Biden"
"National",26.805199,2019-10-03,"Biden"
"National",26.846748,2019-10-04,"Biden"
"National",26.685696,2019-10-05,"Biden"
"National",26.685696,2019-10-06,"Biden"
"National",26.734462,2019-10-07,"Biden"
"National",26.694102,2019-10-08,"Biden"
"National",27.08273,2019-10-09,"Biden"
"National",27.097256,2019-10-10,"Biden"
"National",27.176467,2019-10-11,"Biden"
"National",27.001663,2019-10-12,"Biden"
"National",27.001663,2019-10-13,"Biden"
"National",26.972731,2019-10-14,"Biden"
"National",27.017313,2019-10-15,"Biden"
"National",27.015363,2019-10-16,"Biden"
"National",27.41458,2019-10-17,"Biden"
"National",27.183594,2019-10-18,"Biden"
"National",27.187843,2019-10-19,"Biden"
"National",27.187843,2019-10-20,"Biden"
"National",27.593351,2019-10-21,"Biden"
"National",26.838021,2019-10-22,"Biden"
"National",26.807808,2019-10-23,"Biden"
"National",26.808374,2019-10-24,"Biden"
"National",26.808374,2019-10-25,"Biden"
"National",26.893976,2019-10-26,"Biden"
"National",26.867737,2019-10-27,"Biden"
"National",27.102121,2019-10-28,"Biden"
"National",27.098042,2019-10-29,"Biden"
"National",27.176523,2019-10-30,"Biden"
"National",27.312836,2019-10-31,"Biden"
"National",27.489435,2019-11-01,"Biden"
"National",27.489435,2019-11-02,"Biden"
"National",27.442307,2019-11-03,"Biden"
"National",26.915842,2019-11-04,"Biden"
"National",26.857501,2019-11-05,"Biden"
"National",26.87157,2019-11-06,"Biden"
"National",26.87157,2019-11-07,"Biden"
"National",26.872669,2019-11-08,"Biden"
"National",26.880414,2019-11-09,"Biden"
"National",26.880414,2019-11-10,"Biden"
"National",26.877835,2019-11-11,"Biden"
"National",26.875241,2019-11-12,"Biden"
"National",26.662511,2019-11-13,"Biden"
"National",26.565757,2019-11-14,"Biden"
"National",26.273093,2019-11-15,"Biden"
"National",26.273093,2019-11-16,"Biden"
"National",26.273093,2019-11-17,"Biden"
"National",26.359869,2019-11-18,"Biden"
"National",26.336565,2019-11-19,"Biden"
"National",26.678218,2019-11-20,"Biden"
"National",26.655049,2019-11-21,"Biden"
"National",26.774053,2019-11-22,"Biden"
"National",26.656039,2019-11-23,"Biden"
"National",26.656039,2019-11-24,"Biden"
"National",26.627791,2019-11-25,"Biden"
"National",26.340978,2019-11-26,"Biden"
"National",26.185701,2019-11-27,"Biden"
"National",26.164542,2019-11-28,"Biden"
"National",26.164542,2019-11-29,"Biden"
"National",26.026609,2019-11-30,"Biden"
"National",26.02661,2019-12-01,"Biden"
"National",25.97487,2019-12-02,"Biden"
"National",25.97417,2019-12-03,"Biden"
"National",26.04825,2019-12-04,"Biden"
"National",25.80018,2019-12-05,"Biden"
"National",25.80018,2019-12-06,"Biden"
"National",25.80018,2019-12-07,"Biden"
"National",25.80018,2019-12-08,"Biden"
"National",25.76132,2019-12-09,"Biden"
"National",26.17162,2019-12-10,"Biden"
"National",26.20664,2019-12-11,"Biden"
"National",26.20257,2019-12-12,"Biden"
"National",26.20257,2019-12-13,"Biden"
"National",26.20257,2019-12-14,"Biden"
"National",26.36893,2019-12-15,"Biden"
"National",26.13357,2019-12-16,"Biden"
"National",26.59965,2019-12-17,"Biden"
"National",27.03979,2019-12-18,"Biden"
"National",26.99442,2019-12-19,"Biden"
"National",27.09697,2019-12-20,"Biden"
"National",27.09697,2019-12-21,"Biden"
"National",27.09697,2019-12-22,"Biden"
"National",26.94926,2019-12-23,"Biden"
"National",26.94926,2019-12-24,"Biden"
"National",27.3505,2019-12-25,"Biden"
"National",27.3505,2019-12-26,"Biden"
"National",27.3505,2019-12-27,"Biden"
"National",27.3505,2019-12-28,"Biden"
"National",27.3505,2019-12-29,"Biden"
"National",27.75222,2019-12-30,"Biden"
"National",27.75222,2019-12-31,"Biden"
"National",27.86164,2020-01-01,"Biden"
"National",27.86164,2020-01-02,"Biden"
"National",27.485104,2020-01-03,"Biden"
"National",27.485104,2020-01-04,"Biden"
"National",27.485104,2020-01-05,"Biden"
"National",27.52162,2020-01-06,"Biden"
"National",27.55885,2020-01-07,"Biden"
"National",27.70796,2020-01-08,"Biden"
"National",26.64739,2020-01-09,"Biden"
"National",27.58736,2020-01-10,"Biden"
"National",27.58736,2020-01-11,"Biden"
"National",27.58736,2020-01-12,"Biden"
"National",27.03501,2020-01-13,"Biden"
"National",26.74232,2020-01-14,"Biden"
"National",26.76713,2020-01-15,"Biden"
"National",26.20197,2020-01-16,"Biden"
"National",26.73277,2020-01-17,"Biden"
"National",26.73277,2020-01-18,"Biden"
"National",26.73511,2020-01-19,"Biden"
"National",26.73004,2020-01-20,"Biden"
"National",26.71213,2020-01-21,"Biden"
"National",26.59023,2020-01-22,"Biden"
"National",26.97179,2020-01-23,"Biden"
"National",26.97495,2020-01-24,"Biden"
"National",26.96616,2020-01-25,"Biden"
"National",27.11257,2020-01-26,"Biden"
"National",26.98713,2020-01-27,"Biden"
"National",26.56426,2020-01-28,"Biden"
"National",26.58278,2020-01-29,"Biden"
"National",26.54236,2020-01-30,"Biden"
"National",26.6679,2020-01-31,"Biden"
"National",26.65964,2020-02-01,"Biden"
"National",26.66415,2020-02-02,"Biden"
"National",26.41957,2020-02-03,"Biden"
"National",26.67094,2020-02-04,"Biden"
"National",25.4565,2020-02-05,"Biden"
"National",24.27559,2020-02-06,"Biden"
"National",24.26271,2020-02-07,"Biden"
"National",24.26793,2020-02-08,"Biden"
"National",24.27407,2020-02-09,"Biden"
"National",21.57924,2020-02-10,"Biden"
"National",20.49375,2020-02-11,"Biden"
"National",20.09559,2020-02-12,"Biden"
"National",16.83292,2020-02-13,"Biden"
"National",16.80176,2020-02-14,"Biden"
"National",16.80176,2020-02-15,"Biden"
"National",16.80176,2020-02-16,"Biden"
"National",16.73126,2020-02-17,"Biden"
"National",16.64063,2020-02-18,"Biden"
"National",16.58713,2020-02-19,"Biden"
"National",16.56944,2020-02-20,"Biden"
"National",15.56353,2020-02-21,"Biden"
"National",15.56353,2020-02-22,"Biden"
"National",16.09425,2020-02-23,"Biden"
"National",15.4102,2020-02-24,"Biden"
"National",16.08508,2020-02-25,"Biden"
"National",16.26373,2020-02-26,"Biden"
"National",16.66435,2020-02-27,"Biden"
"National",16.69438,2020-02-28,"Biden"
"National",16.69438,2020-02-29,"Biden"
"National",16.66923,2020-03-01,"Biden"
"National",18.14377,2020-03-02,"Biden"
"National",18.10822,2020-03-03,"Biden"
"National",23.01599,2020-03-04,"Biden"
"National",32.48931,2020-03-05,"Biden"
"National",34.86507,2020-03-06,"Biden"
"National",34.88284,2020-03-07,"Biden"
"National",34.88345,2020-03-08,"Biden"
"National",51.59912,2020-03-09,"Biden"
"National",51.65976,2020-03-10,"Biden"
"National",52.10497,2020-03-11,"Biden"
"National",57.10735,2020-03-12,"Biden"
"National",56.97613,2020-03-13,"Biden"
"National",56.96505,2020-03-14,"Biden"
"National",56.52504,2020-03-15,"Biden"
"National",56.54754,2020-03-16,"Biden"
"National",54.53273,2020-03-17,"Biden"
"National",51.28187,2020-03-18,"Biden"
"National",51.4866,2020-03-19,"Biden"
"National",51.13575,2020-03-20,"Biden"
"National",51.13575,2020-03-21,"Biden"
"National",51.13575,2020-03-22,"Biden"
"National",51.13575,2020-03-23,"Biden"
"National",50.90786,2020-03-24,"Biden"
"National",50.14582,2020-03-25,"Biden"
"National",50.14582,2020-03-26,"Biden"
"National",50.1458,2020-03-27,"Biden"
"National",50.1458,2020-03-28,"Biden"
"National",50.64206,2020-03-29,"Biden"
"National",50.9955,2020-03-30,"Biden"
"National",50.9955,2020-03-31,"Biden"
"National",50.8461,2020-04-01,"Biden"
"National",51.57718,2020-04-02,"Biden"
"National",51.57718,2020-04-03,"Biden"
"National",51.57718,2020-04-04,"Biden"
"National",51.57718,2020-04-05,"Biden"
"National",52.6286,2020-04-06,"Biden"
"National",53.54781,2020-04-07,"Biden"
"National",52.70379,2020-04-08,"Biden"
"National",1.9915552,2019-03-01,"Bloomberg"
"National",1.9912831,2019-03-02,"Bloomberg"
"National",1.9912831,2019-03-03,"Bloomberg"
"National",1.9738907,2019-03-04,"Bloomberg"
"National",1.946537,2019-03-05,"Bloomberg"
"National",1.946537,2019-03-06,"Bloomberg"
"National",1.946537,2019-03-07,"Bloomberg"
"National",1.946537,2019-03-08,"Bloomberg"
"National",1.946537,2019-03-09,"Bloomberg"
"National",1.946537,2019-03-10,"Bloomberg"
"National",1.946537,2019-03-11,"Bloomberg"
"National",1.946537,2019-03-12,"Bloomberg"
"National",1.946537,2019-03-13,"Bloomberg"
"National",1.946537,2019-03-14,"Bloomberg"
"National",1.946537,2019-03-15,"Bloomberg"
"National",1.946537,2019-03-16,"Bloomberg"
"National",1.946537,2019-03-17,"Bloomberg"
"National",1.946537,2019-03-18,"Bloomberg"
"National",1.946537,2019-03-19,"Bloomberg"
"National",1.946537,2019-03-20,"Bloomberg"
"National",1.946537,2019-03-21,"Bloomberg"
"National",1.946537,2019-03-22,"Bloomberg"
"National",1.946537,2019-03-23,"Bloomberg"
"National",1.946537,2019-03-24,"Bloomberg"
"National",1.946537,2019-03-25,"Bloomberg"
"National",1.946537,2019-03-26,"Bloomberg"
"National",1.1995429,2019-03-27,"Bloomberg"
"National",1.1995429,2019-03-28,"Bloomberg"
"National",1.1995429,2019-03-29,"Bloomberg"
"National",1.1995429,2019-03-30,"Bloomberg"
"National",1.1995429,2019-03-31,"Bloomberg"
"National",1.1995429,2019-04-01,"Bloomberg"
"National",1.1995429,2019-04-02,"Bloomberg"
"National",1.1995429,2019-04-03,"Bloomberg"
"National",1.1995429,2019-04-04,"Bloomberg"
"National",1.1995429,2019-04-05,"Bloomberg"
"National",1.1995429,2019-04-06,"Bloomberg"
"National",1.1995429,2019-04-07,"Bloomberg"
"National",1.1995429,2019-04-08,"Bloomberg"
"National",1.1995429,2019-04-09,"Bloomberg"
"National",1.1995429,2019-04-10,"Bloomberg"
"National",1.1995429,2019-04-11,"Bloomberg"
"National",1.1995429,2019-04-12,"Bloomberg"
"National",1.1995429,2019-04-13,"Bloomberg"
"National",1.1995429,2019-04-14,"Bloomberg"
"National",1.1995429,2019-04-15,"Bloomberg"
"National",1.1995429,2019-04-16,"Bloomberg"
"National",1.1995429,2019-04-17,"Bloomberg"
"National",1.1995429,2019-04-18,"Bloomberg"
"National",1.1995429,2019-04-19,"Bloomberg"
"National",1.1995429,2019-04-20,"Bloomberg"
"National",1.1995429,2019-04-21,"Bloomberg"
"National",1.1995429,2019-04-22,"Bloomberg"
"National",1.1995429,2019-04-23,"Bloomberg"
"National",1.1995429,2019-04-24,"Bloomberg"
"National",1.1995429,2019-04-25,"Bloomberg"
"National",0.88477419,2019-04-26,"Bloomberg"
"National",0.88477419,2019-04-27,"Bloomberg"
"National",0.88477419,2019-04-28,"Bloomberg"
"National",0.88477419,2019-04-29,"Bloomberg"
"National",0.88477419,2019-04-30,"Bloomberg"
"National",0.88477419,2019-05-01,"Bloomberg"
"National",1.2189627,2019-05-02,"Bloomberg"
"National",1.2189627,2019-05-03,"Bloomberg"
"National",1.2189627,2019-05-04,"Bloomberg"
"National",1.2189627,2019-05-05,"Bloomberg"
"National",1.2189627,2019-05-06,"Bloomberg"
"National",1.2189627,2019-05-07,"Bloomberg"
"National",1.2189627,2019-05-08,"Bloomberg"
"National",1.2189627,2019-05-09,"Bloomberg"
"National",1.2189627,2019-05-10,"Bloomberg"
"National",1.2189627,2019-05-11,"Bloomberg"
"National",1.2189627,2019-05-12,"Bloomberg"
"National",1.2189627,2019-05-13,"Bloomberg"
"National",1.2189627,2019-05-14,"Bloomberg"
"National",1.2189627,2019-05-15,"Bloomberg"
"National",1.2189627,2019-05-16,"Bloomberg"
"National",1.2189627,2019-05-17,"Bloomberg"
"National",1.2189627,2019-05-18,"Bloomberg"
"National",1.2189627,2019-05-19,"Bloomberg"
"National",1.2189627,2019-05-20,"Bloomberg"
"National",1.2189627,2019-05-21,"Bloomberg"
"National",1.2189627,2019-05-22,"Bloomberg"
"National",1.2189627,2019-05-23,"Bloomberg"
"National",1.2189627,2019-05-24,"Bloomberg"
"National",1.2189627,2019-05-25,"Bloomberg"
"National",1.2189627,2019-05-26,"Bloomberg"
"National",1.2189627,2019-05-27,"Bloomberg"
"National",1.2189627,2019-05-28,"Bloomberg"
"National",1.2189627,2019-05-29,"Bloomberg"
"National",1.2189627,2019-05-30,"Bloomberg"
"National",1.0964268,2019-05-31,"Bloomberg"
"National",1.0964268,2019-06-01,"Bloomberg"
"National",1.0964268,2019-06-02,"Bloomberg"
"National",1.0964268,2019-06-03,"Bloomberg"
"National",1.0964268,2019-06-04,"Bloomberg"
"National",1.0964268,2019-06-05,"Bloomberg"
"National",1.0964268,2019-06-06,"Bloomberg"
"National",1.0964268,2019-06-07,"Bloomberg"
"National",1.0964268,2019-06-08,"Bloomberg"
"National",1.0964268,2019-06-09,"Bloomberg"
"National",1.0964268,2019-06-10,"Bloomberg"
"National",1.0964268,2019-06-11,"Bloomberg"
"National",1.0964268,2019-06-12,"Bloomberg"
"National",1.0964268,2019-06-13,"Bloomberg"
"National",1.0964268,2019-06-14,"Bloomberg"
"National",1.0964268,2019-06-15,"Bloomberg"
"National",1.0964268,2019-06-16,"Bloomberg"
"National",1.0964268,2019-06-17,"Bloomberg"
"National",1.0964268,2019-06-18,"Bloomberg"
"National",1.0964268,2019-06-19,"Bloomberg"
"National",1.0964268,2019-06-20,"Bloomberg"
"National",1.0964268,2019-06-21,"Bloomberg"
"National",1.0964268,2019-06-22,"Bloomberg"
"National",1.0964268,2019-06-23,"Bloomberg"
"National",1.0964268,2019-06-24,"Bloomberg"
"National",1.0964268,2019-06-25,"Bloomberg"
"National",1.0964268,2019-06-26,"Bloomberg"
"National",1.0964268,2019-06-27,"Bloomberg"
"National",1.0964268,2019-06-28,"Bloomberg"
"National",1.0964268,2019-06-29,"Bloomberg"
"National",1.12386,2019-06-30,"Bloomberg"
"National",1.12386,2019-07-01,"Bloomberg"
"National",1.12386,2019-07-02,"Bloomberg"
"National",1.12386,2019-07-03,"Bloomberg"
"National",1.12386,2019-07-04,"Bloomberg"
"National",1.12386,2019-07-05,"Bloomberg"
"National",1.12386,2019-07-06,"Bloomberg"
"National",1.12386,2019-07-07,"Bloomberg"
"National",1.12386,2019-07-08,"Bloomberg"
"National",1.12386,2019-07-09,"Bloomberg"
"National",1.12386,2019-07-10,"Bloomberg"
"National",1.12386,2019-07-11,"Bloomberg"
"National",1.12386,2019-07-12,"Bloomberg"
"National",1.12386,2019-07-13,"Bloomberg"
"National",1.12386,2019-07-14,"Bloomberg"
"National",1.12386,2019-07-15,"Bloomberg"
"National",1.12386,2019-07-16,"Bloomberg"
"National",1.12386,2019-07-17,"Bloomberg"
"National",1.12386,2019-07-18,"Bloomberg"
"National",1.12386,2019-07-19,"Bloomberg"
"National",1.12386,2019-07-20,"Bloomberg"
"National",1.12386,2019-07-21,"Bloomberg"
"National",1.12386,2019-07-22,"Bloomberg"
"National",1.12386,2019-07-23,"Bloomberg"
"National",1.12386,2019-07-24,"Bloomberg"
"National",1.12386,2019-07-25,"Bloomberg"
"National",1.12386,2019-07-26,"Bloomberg"
"National",1.12386,2019-07-27,"Bloomberg"
"National",1.12386,2019-07-28,"Bloomberg"
"National",1.12386,2019-07-29,"Bloomberg"
"National",1.12386,2019-07-30,"Bloomberg"
"National",1.12386,2019-07-31,"Bloomberg"
"National",1.12386,2019-08-01,"Bloomberg"
"National",0.74626896,2019-08-02,"Bloomberg"
"National",0.74626896,2019-08-03,"Bloomberg"
"National",0.74626896,2019-08-04,"Bloomberg"
"National",0.74626896,2019-08-05,"Bloomberg"
"National",0.74626896,2019-08-06,"Bloomberg"
"National",0.74626896,2019-08-07,"Bloomberg"
"National",0.74626896,2019-08-08,"Bloomberg"
"National",0.74626896,2019-08-09,"Bloomberg"
"National",0.74626896,2019-08-10,"Bloomberg"
"National",0.74626896,2019-08-11,"Bloomberg"
"National",0.74626896,2019-08-12,"Bloomberg"
"National",0.74626896,2019-08-13,"Bloomberg"
"National",0.74626896,2019-08-14,"Bloomberg"
"National",0.74626896,2019-08-15,"Bloomberg"
"National",0.74626896,2019-08-16,"Bloomberg"
"National",0.74626896,2019-08-17,"Bloomberg"
"National",0.74626896,2019-08-18,"Bloomberg"
"National",0.74626896,2019-08-19,"Bloomberg"
"National",0.74626896,2019-08-20,"Bloomberg"
"National",0.74626896,2019-08-21,"Bloomberg"
"National",0.74626896,2019-08-22,"Bloomberg"
"National",0.74626896,2019-08-23,"Bloomberg"
"National",0.74626896,2019-08-24,"Bloomberg"
"National",0.74626896,2019-08-25,"Bloomberg"
"National",0.74626896,2019-08-26,"Bloomberg"
"National",0.74626896,2019-08-27,"Bloomberg"
"National",0.74626896,2019-08-28,"Bloomberg"
"National",0.74626896,2019-08-29,"Bloomberg"
"National",0.74626896,2019-08-30,"Bloomberg"
"National",0.74626896,2019-08-31,"Bloomberg"
"National",0.74626896,2019-09-01,"Bloomberg"
"National",0.74626896,2019-09-02,"Bloomberg"
"National",0.74626896,2019-09-03,"Bloomberg"
"National",0.74626896,2019-09-04,"Bloomberg"
"National",0.74626896,2019-09-05,"Bloomberg"
"National",0.74626896,2019-09-06,"Bloomberg"
"National",0.74626896,2019-09-07,"Bloomberg"
"National",0.74626896,2019-09-08,"Bloomberg"
"National",0.74626896,2019-09-09,"Bloomberg"
"National",0.74626896,2019-09-10,"Bloomberg"
"National",0.74626896,2019-09-11,"Bloomberg"
"National",0.74626896,2019-09-12,"Bloomberg"
"National",0.74626896,2019-09-13,"Bloomberg"
"National",0.74626896,2019-09-14,"Bloomberg"
"National",0.74626896,2019-09-15,"Bloomberg"
"National",0.74626896,2019-09-16,"Bloomberg"
"National",0.74626896,2019-09-17,"Bloomberg"
"National",0.74626896,2019-09-18,"Bloomberg"
"National",0.74626896,2019-09-19,"Bloomberg"
"National",0.74626896,2019-09-20,"Bloomberg"
"National",0.74626896,2019-09-21,"Bloomberg"
"National",0.74626896,2019-09-22,"Bloomberg"
"National",0.74626896,2019-09-23,"Bloomberg"
"National",0.74626896,2019-09-24,"Bloomberg"
"National",0.74626896,2019-09-25,"Bloomberg"
"National",0.74626896,2019-09-26,"Bloomberg"
"National",0.74626896,2019-09-27,"Bloomberg"
"National",0.74626896,2019-09-28,"Bloomberg"
"National",0.74626896,2019-09-29,"Bloomberg"
"National",0.74626896,2019-09-30,"Bloomberg"
"National",0.74626896,2019-10-01,"Bloomberg"
"National",0.74626896,2019-10-02,"Bloomberg"
"National",0.74626896,2019-10-03,"Bloomberg"
"National",0.74626896,2019-10-04,"Bloomberg"
"National",0.74626896,2019-10-05,"Bloomberg"
"National",0.74626896,2019-10-06,"Bloomberg"
"National",0.74626896,2019-10-07,"Bloomberg"
"National",0.74626896,2019-10-08,"Bloomberg"
"National",0.74626896,2019-10-09,"Bloomberg"
"National",0.74626896,2019-10-10,"Bloomberg"
"National",0.74626896,2019-10-11,"Bloomberg"
"National",0.74626896,2019-10-12,"Bloomberg"
"National",0.74626896,2019-10-13,"Bloomberg"
"National",0.74626896,2019-10-14,"Bloomberg"
"National",0.74626896,2019-10-15,"Bloomberg"
"National",0.74626896,2019-10-16,"Bloomberg"
"National",0.74626896,2019-10-17,"Bloomberg"
"National",0.74626896,2019-10-18,"Bloomberg"
"National",0.74626896,2019-10-19,"Bloomberg"
"National",0.74626896,2019-10-20,"Bloomberg"
"National",0.74626896,2019-10-21,"Bloomberg"
"National",0.74626896,2019-10-22,"Bloomberg"
"National",0.74626896,2019-10-23,"Bloomberg"
"National",0.74626896,2019-10-24,"Bloomberg"
"National",0.74626896,2019-10-25,"Bloomberg"
"National",0.74626896,2019-10-26,"Bloomberg"
"National",0.74626896,2019-10-27,"Bloomberg"
"National",0.74626896,2019-10-28,"Bloomberg"
"National",0.74626896,2019-10-29,"Bloomberg"
"National",0.74626896,2019-10-30,"Bloomberg"
"National",0.74626896,2019-10-31,"Bloomberg"
"National",3.5360262,2019-11-01,"Bloomberg"
"National",3.5360262,2019-11-02,"Bloomberg"
"National",3.5360262,2019-11-03,"Bloomberg"
"National",3.5360262,2019-11-04,"Bloomberg"
"National",3.5360262,2019-11-05,"Bloomberg"
"National",3.5360262,2019-11-06,"Bloomberg"
"National",3.5360262,2019-11-07,"Bloomberg"
"National",3.5360262,2019-11-08,"Bloomberg"
"National",3.5360262,2019-11-09,"Bloomberg"
"National",3.5360262,2019-11-10,"Bloomberg"
"National",2.4335665,2019-11-11,"Bloomberg"
"National",2.4492312,2019-11-12,"Bloomberg"
"National",2.4492312,2019-11-13,"Bloomberg"
"National",2.4712507,2019-11-14,"Bloomberg"
"National",2.5758914,2019-11-15,"Bloomberg"
"National",2.5758914,2019-11-16,"Bloomberg"
"National",2.5758914,2019-11-17,"Bloomberg"
"National",2.6770378,2019-11-18,"Bloomberg"
"National",2.6770378,2019-11-19,"Bloomberg"
"National",2.6830613,2019-11-20,"Bloomberg"
"National",1.8717349,2019-11-21,"Bloomberg"
"National",2.5863497,2019-11-22,"Bloomberg"
"National",2.5996754,2019-11-23,"Bloomberg"
"National",2.5996754,2019-11-24,"Bloomberg"
"National",2.5915484,2019-11-25,"Bloomberg"
"National",2.6165312,2019-11-26,"Bloomberg"
"National",2.7383125,2019-11-27,"Bloomberg"
"National",2.7446772,2019-11-28,"Bloomberg"
"National",2.7446772,2019-11-29,"Bloomberg"
"National",3.6376559,2019-11-30,"Bloomberg"
"National",3.637656,2019-12-01,"Bloomberg"
"National",4.247328,2019-12-02,"Bloomberg"
"National",4.238823,2019-12-03,"Bloomberg"
"National",3.920393,2019-12-04,"Bloomberg"
"National",3.982296,2019-12-05,"Bloomberg"
"National",3.982296,2019-12-06,"Bloomberg"
"National",3.982296,2019-12-07,"Bloomberg"
"National",3.982296,2019-12-08,"Bloomberg"
"National",4.227181,2019-12-09,"Bloomberg"
"National",4.586206,2019-12-10,"Bloomberg"
"National",4.666881,2019-12-11,"Bloomberg"
"National",4.677999,2019-12-12,"Bloomberg"
"National",4.677999,2019-12-13,"Bloomberg"
"National",4.677999,2019-12-14,"Bloomberg"
"National",4.668891,2019-12-15,"Bloomberg"
"National",5.006468,2019-12-16,"Bloomberg"
"National",4.797883,2019-12-17,"Bloomberg"
"National",4.741054,2019-12-18,"Bloomberg"
"National",4.640072,2019-12-19,"Bloomberg"
"National",4.75688,2019-12-20,"Bloomberg"
"National",4.75688,2019-12-21,"Bloomberg"
"National",4.75688,2019-12-22,"Bloomberg"
"National",5.211063,2019-12-23,"Bloomberg"
"National",5.211063,2019-12-24,"Bloomberg"
"National",5.034694,2019-12-25,"Bloomberg"
"National",5.034694,2019-12-26,"Bloomberg"
"National",5.034694,2019-12-27,"Bloomberg"
"National",5.034694,2019-12-28,"Bloomberg"
"National",5.034694,2019-12-29,"Bloomberg"
"National",5.116641,2019-12-30,"Bloomberg"
"National",5.116641,2019-12-31,"Bloomberg"
"National",4.84735,2020-01-01,"Bloomberg"
"National",4.84735,2020-01-02,"Bloomberg"
"National",5.1708976,2020-01-03,"Bloomberg"
"National",5.1708976,2020-01-04,"Bloomberg"
"National",5.1708976,2020-01-05,"Bloomberg"
"National",5.240799,2020-01-06,"Bloomberg"
"National",5.472491,2020-01-07,"Bloomberg"
"National",5.260061,2020-01-08,"Bloomberg"
"National",5.344943,2020-01-09,"Bloomberg"
"National",5.62591,2020-01-10,"Bloomberg"
"National",5.62591,2020-01-11,"Bloomberg"
"National",5.62591,2020-01-12,"Bloomberg"
"National",5.690906,2020-01-13,"Bloomberg"
"National",5.836758,2020-01-14,"Bloomberg"
"National",5.865413,2020-01-15,"Bloomberg"
"National",6.3009,2020-01-16,"Bloomberg"
"National",7.004967,2020-01-17,"Bloomberg"
"National",7.004967,2020-01-18,"Bloomberg"
"National",7.005695,2020-01-19,"Bloomberg"
"National",7.001091,2020-01-20,"Bloomberg"
"National",7.001091,2020-01-21,"Bloomberg"
"National",7.29257,2020-01-22,"Bloomberg"
"National",7.543903,2020-01-23,"Bloomberg"
"National",7.506788,2020-01-24,"Bloomberg"
"National",7.510362,2020-01-25,"Bloomberg"
"National",7.663818,2020-01-26,"Bloomberg"
"National",7.913941,2020-01-27,"Bloomberg"
"National",8.332857,2020-01-28,"Bloomberg"
"National",8.202478,2020-01-29,"Bloomberg"
"National",8.279571,2020-01-30,"Bloomberg"
"National",8.396544,2020-01-31,"Bloomberg"
"National",8.401147,2020-02-01,"Bloomberg"
"National",8.42058,2020-02-02,"Bloomberg"
"National",8.775494,2020-02-03,"Bloomberg"
"National",8.649226,2020-02-04,"Bloomberg"
"National",9.897923,2020-02-05,"Bloomberg"
"National",11.18166,2020-02-06,"Bloomberg"
"National",11.18166,2020-02-07,"Bloomberg"
"National",11.19273,2020-02-08,"Bloomberg"
"National",11.18758,2020-02-09,"Bloomberg"
"National",12.71089,2020-02-10,"Bloomberg"
"National",12.61096,2020-02-11,"Bloomberg"
"National",13.08333,2020-02-12,"Bloomberg"
"National",15.40468,2020-02-13,"Bloomberg"
"National",15.42523,2020-02-14,"Bloomberg"
"National",15.42523,2020-02-15,"Bloomberg"
"National",15.42523,2020-02-16,"Bloomberg"
"National",15.87483,2020-02-17,"Bloomberg"
"National",16.14476,2020-02-18,"Bloomberg"
"National",16.17591,2020-02-19,"Bloomberg"
"National",16.1001,2020-02-20,"Bloomberg"
"National",16.50733,2020-02-21,"Bloomberg"
"National",16.50733,2020-02-22,"Bloomberg"
"National",16.02699,2020-02-23,"Bloomberg"
"National",16.29476,2020-02-24,"Bloomberg"
"National",15.8352,2020-02-25,"Bloomberg"
"National",15.71854,2020-02-26,"Bloomberg"
"National",15.47408,2020-02-27,"Bloomberg"
"National",15.05669,2020-02-28,"Bloomberg"
"National",15.05669,2020-02-29,"Bloomberg"
"National",15.08226,2020-03-01,"Bloomberg"
"National",14.53409,2020-03-02,"Bloomberg"
"National",14.57419,2020-03-03,"Bloomberg"
"National",14.1966,2020-03-04,"Bloomberg"
"National",0.30449935,2019-03-01,"Buttigieg"
"National",0.30812696,2019-03-02,"Buttigieg"
"National",0.30812696,2019-03-03,"Buttigieg"
"National",0.28072381,2019-03-04,"Buttigieg"
"National",0.19324286,2019-03-05,"Buttigieg"
"National",0.19324286,2019-03-06,"Buttigieg"
"National",0.19324286,2019-03-07,"Buttigieg"
"National",0.19324286,2019-03-08,"Buttigieg"
"National",0.19324286,2019-03-09,"Buttigieg"
"National",0.19282629,2019-03-10,"Buttigieg"
"National",0.61622161,2019-03-11,"Buttigieg"
"National",0.61622161,2019-03-12,"Buttigieg"
"National",0.61622161,2019-03-13,"Buttigieg"
"National",0.61622161,2019-03-14,"Buttigieg"
"National",0.61622161,2019-03-15,"Buttigieg"
"National",0.61622161,2019-03-16,"Buttigieg"
"National",0.61573053,2019-03-17,"Buttigieg"
"National",0.76203107,2019-03-18,"Buttigieg"
"National",1.3970125,2019-03-19,"Buttigieg"
"National",1.3970125,2019-03-20,"Buttigieg"
"National",1.2800151,2019-03-21,"Buttigieg"
"National",1.2800151,2019-03-22,"Buttigieg"
"National",1.2800151,2019-03-23,"Buttigieg"
"National",1.1967152,2019-03-24,"Buttigieg"
"National",1.5135684,2019-03-25,"Buttigieg"
"National",1.8891451,2019-03-26,"Buttigieg"
"National",2.0290894,2019-03-27,"Buttigieg"
"National",2.0309365,2019-03-28,"Buttigieg"
"National",2.0309365,2019-03-29,"Buttigieg"
"National",2.0309365,2019-03-30,"Buttigieg"
"National",2.0323473,2019-03-31,"Buttigieg"
"National",2.4061238,2019-04-01,"Buttigieg"
"National",2.4061238,2019-04-02,"Buttigieg"
"National",2.4061238,2019-04-03,"Buttigieg"
"National",2.4061238,2019-04-04,"Buttigieg"
"National",2.4010787,2019-04-05,"Buttigieg"
"National",2.4010787,2019-04-06,"Buttigieg"
"National",2.9236342,2019-04-07,"Buttigieg"
"National",3.2090573,2019-04-08,"Buttigieg"
"National",3.1771189,2019-04-09,"Buttigieg"
"National",3.2029987,2019-04-10,"Buttigieg"
"National",3.1947856,2019-04-11,"Buttigieg"
"National",3.1947856,2019-04-12,"Buttigieg"
"National",3.1947856,2019-04-13,"Buttigieg"
"National",3.1947856,2019-04-14,"Buttigieg"
"National",4.8177591,2019-04-15,"Buttigieg"
"National",6.7460294,2019-04-16,"Buttigieg"
"National",6.7460294,2019-04-17,"Buttigieg"
"National",6.7460294,2019-04-18,"Buttigieg"
"National",6.750129,2019-04-19,"Buttigieg"
"National",7.344699,2019-04-20,"Buttigieg"
"National",7.344699,2019-04-21,"Buttigieg"
"National",7.5954086,2019-04-22,"Buttigieg"
"National",7.594262,2019-04-23,"Buttigieg"
"National",7.5514859,2019-04-24,"Buttigieg"
"National",7.5514859,2019-04-25,"Buttigieg"
"National",7.622832,2019-04-26,"Buttigieg"
"National",7.622832,2019-04-27,"Buttigieg"
"National",7.622832,2019-04-28,"Buttigieg"
"National",7.7780244,2019-04-29,"Buttigieg"
"National",7.9261179,2019-04-30,"Buttigieg"
"National",8.0620384,2019-05-01,"Buttigieg"
"National",8.0651165,2019-05-02,"Buttigieg"
"National",8.0904553,2019-05-03,"Buttigieg"
"National",8.0904553,2019-05-04,"Buttigieg"
"National",8.4778929,2019-05-05,"Buttigieg"
"National",7.2736693,2019-05-06,"Buttigieg"
"National",7.2736693,2019-05-07,"Buttigieg"
"National",7.2741888,2019-05-08,"Buttigieg"
"National",7.2915571,2019-05-09,"Buttigieg"
"National",7.0308838,2019-05-10,"Buttigieg"
"National",7.0410453,2019-05-11,"Buttigieg"
"National",6.8292824,2019-05-12,"Buttigieg"
"National",6.8629109,2019-05-13,"Buttigieg"
"National",6.8629109,2019-05-14,"Buttigieg"
"National",6.5043427,2019-05-15,"Buttigieg"
"National",6.5043427,2019-05-16,"Buttigieg"
"National",6.5043427,2019-05-17,"Buttigieg"
"National",6.5043427,2019-05-18,"Buttigieg"
"National",6.4489327,2019-05-19,"Buttigieg"
"National",6.154115,2019-05-20,"Buttigieg"
"National",5.8920459,2019-05-21,"Buttigieg"
"National",5.9588853,2019-05-22,"Buttigieg"
"National",5.9588853,2019-05-23,"Buttigieg"
"National",5.9588853,2019-05-24,"Buttigieg"
"National",5.9588853,2019-05-25,"Buttigieg"
"National",5.4956113,2019-05-26,"Buttigieg"
"National",5.4965694,2019-05-27,"Buttigieg"
"National",5.4965694,2019-05-28,"Buttigieg"
"National",5.5372889,2019-05-29,"Buttigieg"
"National",5.5139453,2019-05-30,"Buttigieg"
"National",5.2147867,2019-05-31,"Buttigieg"
"National",5.1279976,2019-06-01,"Buttigieg"
"National",5.1279976,2019-06-02,"Buttigieg"
"National",5.2972785,2019-06-03,"Buttigieg"
"National",5.2511507,2019-06-04,"Buttigieg"
"National",5.6574929,2019-06-05,"Buttigieg"
"National",5.6338836,2019-06-06,"Buttigieg"
"National",5.649484,2019-06-07,"Buttigieg"
"National",5.649484,2019-06-08,"Buttigieg"
"National",5.649484,2019-06-09,"Buttigieg"
"National",5.6769021,2019-06-10,"Buttigieg"
"National",6.3679234,2019-06-11,"Buttigieg"
"National",6.2909806,2019-06-12,"Buttigieg"
"National",6.5089806,2019-06-13,"Buttigieg"
"National",6.5089806,2019-06-14,"Buttigieg"
"National",6.5174081,2019-06-15,"Buttigieg"
"National",6.5427213,2019-06-16,"Buttigieg"
"National",6.6506985,2019-06-17,"Buttigieg"
"National",6.5940651,2019-06-18,"Buttigieg"
"National",6.5613437,2019-06-19,"Buttigieg"
"National",6.5613437,2019-06-20,"Buttigieg"
"National",6.5597455,2019-06-21,"Buttigieg"
"National",6.7681414,2019-06-22,"Buttigieg"
"National",6.7681414,2019-06-23,"Buttigieg"
"National",7.150705,2019-06-24,"Buttigieg"
"National",6.7141561,2019-06-25,"Buttigieg"
"National",6.5001609,2019-06-26,"Buttigieg"
"National",6.7631686,2019-06-27,"Buttigieg"
"National",6.7219794,2019-06-28,"Buttigieg"
"National",6.7899387,2019-06-29,"Buttigieg"
"National",6.5569464,2019-06-30,"Buttigieg"
"National",6.3173479,2019-07-01,"Buttigieg"
"National",6.0207815,2019-07-02,"Buttigieg"
"National",5.9817155,2019-07-03,"Buttigieg"
"National",5.9817155,2019-07-04,"Buttigieg"
"National",5.94179,2019-07-05,"Buttigieg"
"National",5.94179,2019-07-06,"Buttigieg"
"National",5.94179,2019-07-07,"Buttigieg"
"National",5.8162398,2019-07-08,"Buttigieg"
"National",5.77634,2019-07-09,"Buttigieg"
"National",5.7501557,2019-07-10,"Buttigieg"
"National",5.7366906,2019-07-11,"Buttigieg"
"National",5.7444705,2019-07-12,"Buttigieg"
"National",5.7524093,2019-07-13,"Buttigieg"
"National",5.4790216,2019-07-14,"Buttigieg"
"National",5.3969792,2019-07-15,"Buttigieg"
"National",5.4077006,2019-07-16,"Buttigieg"
"National",5.4433139,2019-07-17,"Buttigieg"
"National",5.4424509,2019-07-18,"Buttigieg"
"National",5.4860018,2019-07-19,"Buttigieg"
"National",5.4860018,2019-07-20,"Buttigieg"
"National",5.4860018,2019-07-21,"Buttigieg"
"National",5.0690626,2019-07-22,"Buttigieg"
"National",5.0841985,2019-07-23,"Buttigieg"
"National",5.2188029,2019-07-24,"Buttigieg"
"National",5.2188029,2019-07-25,"Buttigieg"
"National",5.1667425,2019-07-26,"Buttigieg"
"National",5.2476062,2019-07-27,"Buttigieg"
"National",5.1194399,2019-07-28,"Buttigieg"
"National",5.2451956,2019-07-29,"Buttigieg"
"National",5.3080482,2019-07-30,"Buttigieg"
"National",5.2164094,2019-07-31,"Buttigieg"
"National",5.1799002,2019-08-01,"Buttigieg"
"National",5.0795624,2019-08-02,"Buttigieg"
"National",5.0812027,2019-08-03,"Buttigieg"
"National",5.0989257,2019-08-04,"Buttigieg"
"National",5.0395758,2019-08-05,"Buttigieg"
"National",5.46414,2019-08-06,"Buttigieg"
"National",5.4995929,2019-08-07,"Buttigieg"
"National",5.5015499,2019-08-08,"Buttigieg"
"National",5.5080099,2019-08-09,"Buttigieg"
"National",5.4841135,2019-08-10,"Buttigieg"
"National",5.4982692,2019-08-11,"Buttigieg"
"National",5.4937243,2019-08-12,"Buttigieg"
"National",5.4450828,2019-08-13,"Buttigieg"
"National",5.1925828,2019-08-14,"Buttigieg"
"National",5.1820137,2019-08-15,"Buttigieg"
"National",5.220071,2019-08-16,"Buttigieg"
"National",5.2208748,2019-08-17,"Buttigieg"
"National",5.222776,2019-08-18,"Buttigieg"
"National",5.2208564,2019-08-19,"Buttigieg"
"National",5.2539842,2019-08-20,"Buttigieg"
"National",5.252205,2019-08-21,"Buttigieg"
"National",5.1378645,2019-08-22,"Buttigieg"
"National",5.0891316,2019-08-23,"Buttigieg"
"National",4.9558972,2019-08-24,"Buttigieg"
"National",4.9503151,2019-08-25,"Buttigieg"
"National",5.1246901,2019-08-26,"Buttigieg"
"National",4.9710662,2019-08-27,"Buttigieg"
"National",4.9304439,2019-08-28,"Buttigieg"
"National",4.9322556,2019-08-29,"Buttigieg"
"National",4.8370807,2019-08-30,"Buttigieg"
"National",4.8404311,2019-08-31,"Buttigieg"
"National",4.8363084,2019-09-01,"Buttigieg"
"National",4.8368454,2019-09-02,"Buttigieg"
"National",4.8739128,2019-09-03,"Buttigieg"
"National",4.8968864,2019-09-04,"Buttigieg"
"National",4.8861279,2019-09-05,"Buttigieg"
"National",4.8855496,2019-09-06,"Buttigieg"
"National",4.9018755,2019-09-07,"Buttigieg"
"National",4.9235329,2019-09-08,"Buttigieg"
"National",4.9355878,2019-09-09,"Buttigieg"
"National",5.0791263,2019-09-10,"Buttigieg"
"National",5.1063306,2019-09-11,"Buttigieg"
"National",5.0280057,2019-09-12,"Buttigieg"
"National",5.0772587,2019-09-13,"Buttigieg"
"National",5.0773003,2019-09-14,"Buttigieg"
"National",5.0773003,2019-09-15,"Buttigieg"
"National",5.1338689,2019-09-16,"Buttigieg"
"National",5.1446762,2019-09-17,"Buttigieg"
"National",5.325188,2019-09-18,"Buttigieg"
"National",5.3961245,2019-09-19,"Buttigieg"
"National",5.4134642,2019-09-20,"Buttigieg"
"National",5.2739761,2019-09-21,"Buttigieg"
"National",5.321847,2019-09-22,"Buttigieg"
"National",5.2786798,2019-09-23,"Buttigieg"
"National",5.4520331,2019-09-24,"Buttigieg"
"National",5.4428956,2019-09-25,"Buttigieg"
"National",5.4860796,2019-09-26,"Buttigieg"
"National",5.4558777,2019-09-27,"Buttigieg"
"National",5.4558777,2019-09-28,"Buttigieg"
"National",5.4530294,2019-09-29,"Buttigieg"
"National",5.4391218,2019-09-30,"Buttigieg"
"National",5.3967636,2019-10-01,"Buttigieg"
"National",5.4391996,2019-10-02,"Buttigieg"
"National",5.4247529,2019-10-03,"Buttigieg"
"National",5.5034544,2019-10-04,"Buttigieg"
"National",5.4956366,2019-10-05,"Buttigieg"
"National",5.4956366,2019-10-06,"Buttigieg"
"National",5.5357554,2019-10-07,"Buttigieg"
"National",5.439123,2019-10-08,"Buttigieg"
"National",5.3114176,2019-10-09,"Buttigieg"
"National",5.3534111,2019-10-10,"Buttigieg"
"National",5.3846043,2019-10-11,"Buttigieg"
"National",5.3621632,2019-10-12,"Buttigieg"
"National",5.3621632,2019-10-13,"Buttigieg"
"National",5.4547454,2019-10-14,"Buttigieg"
"National",5.4604189,2019-10-15,"Buttigieg"
"National",5.3345946,2019-10-16,"Buttigieg"
"National",5.1653485,2019-10-17,"Buttigieg"
"National",5.341844,2019-10-18,"Buttigieg"
"National",5.3495057,2019-10-19,"Buttigieg"
"National",5.3495057,2019-10-20,"Buttigieg"
"National",5.4617006,2019-10-21,"Buttigieg"
"National",5.9220178,2019-10-22,"Buttigieg"
"National",5.8706415,2019-10-23,"Buttigieg"
"National",5.8686611,2019-10-24,"Buttigieg"
"National",5.8686611,2019-10-25,"Buttigieg"
"National",5.8900264,2019-10-26,"Buttigieg"
"National",6.1789214,2019-10-27,"Buttigieg"
"National",6.2965468,2019-10-28,"Buttigieg"
"National",6.2906079,2019-10-29,"Buttigieg"
"National",6.3617178,2019-10-30,"Buttigieg"
"National",6.5529565,2019-10-31,"Buttigieg"
"National",6.5401998,2019-11-01,"Buttigieg"
"National",6.5401998,2019-11-02,"Buttigieg"
"National",6.6567679,2019-11-03,"Buttigieg"
"National",6.9152606,2019-11-04,"Buttigieg"
"National",6.9615722,2019-11-05,"Buttigieg"
"National",6.9958605,2019-11-06,"Buttigieg"
"National",6.9958605,2019-11-07,"Buttigieg"
"National",6.9977586,2019-11-08,"Buttigieg"
"National",6.9961337,2019-11-09,"Buttigieg"
"National",6.9961337,2019-11-10,"Buttigieg"
"National",7.2840137,2019-11-11,"Buttigieg"
"National",7.2835634,2019-11-12,"Buttigieg"
"National",7.4007326,2019-11-13,"Buttigieg"
"National",7.3691332,2019-11-14,"Buttigieg"
"National",7.4305849,2019-11-15,"Buttigieg"
"National",7.4305849,2019-11-16,"Buttigieg"
"National",7.4305849,2019-11-17,"Buttigieg"
"National",7.6494273,2019-11-18,"Buttigieg"
"National",7.5736694,2019-11-19,"Buttigieg"
"National",7.6234412,2019-11-20,"Buttigieg"
"National",7.7023113,2019-11-21,"Buttigieg"
"National",8.3883842,2019-11-22,"Buttigieg"
"National",8.3730684,2019-11-23,"Buttigieg"
"National",8.3730684,2019-11-24,"Buttigieg"
"National",8.6800016,2019-11-25,"Buttigieg"
"National",9.3080029,2019-11-26,"Buttigieg"
"National",9.4230652,2019-11-27,"Buttigieg"
"National",9.4290851,2019-11-28,"Buttigieg"
"National",9.4290851,2019-11-29,"Buttigieg"
"National",9.6493408,2019-11-30,"Buttigieg"
"National",9.649341,2019-12-01,"Buttigieg"
"National",9.710856,2019-12-02,"Buttigieg"
"National",9.708258,2019-12-03,"Buttigieg"
"National",9.901129,2019-12-04,"Buttigieg"
"National",9.839237,2019-12-05,"Buttigieg"
"National",9.839237,2019-12-06,"Buttigieg"
"National",9.839237,2019-12-07,"Buttigieg"
"National",9.839237,2019-12-08,"Buttigieg"
"National",9.663598,2019-12-09,"Buttigieg"
"National",9.551038,2019-12-10,"Buttigieg"
"National",9.58983,2019-12-11,"Buttigieg"
"National",9.588433,2019-12-12,"Buttigieg"
"National",9.588433,2019-12-13,"Buttigieg"
"National",9.588433,2019-12-14,"Buttigieg"
"National",9.393788,2019-12-15,"Buttigieg"
"National",9.437268,2019-12-16,"Buttigieg"
"National",9.313128,2019-12-17,"Buttigieg"
"National",8.90265,2019-12-18,"Buttigieg"
"National",8.844557,2019-12-19,"Buttigieg"
"National",8.783145,2019-12-20,"Buttigieg"
"National",8.783145,2019-12-21,"Buttigieg"
"National",8.783145,2019-12-22,"Buttigieg"
"National",8.248374,2019-12-23,"Buttigieg"
"National",8.248374,2019-12-24,"Buttigieg"
"National",7.969947,2019-12-25,"Buttigieg"
"National",7.969947,2019-12-26,"Buttigieg"
"National",7.969947,2019-12-27,"Buttigieg"
"National",7.969947,2019-12-28,"Buttigieg"
"National",7.969947,2019-12-29,"Buttigieg"
"National",7.473978,2019-12-30,"Buttigieg"
"National",7.473978,2019-12-31,"Buttigieg"
"National",7.504278,2020-01-01,"Buttigieg"
"National",7.504278,2020-01-02,"Buttigieg"
"National",7.6843477,2020-01-03,"Buttigieg"
"National",7.6843477,2020-01-04,"Buttigieg"
"National",7.6843477,2020-01-05,"Buttigieg"
"National",7.653613,2020-01-06,"Buttigieg"
"National",7.38581,2020-01-07,"Buttigieg"
"National",7.1713098,2020-01-08,"Buttigieg"
"National",7.08425,2020-01-09,"Buttigieg"
"National",7.335469,2020-01-10,"Buttigieg"
"National",7.335469,2020-01-11,"Buttigieg"
"National",7.335469,2020-01-12,"Buttigieg"
"National",7.375309,2020-01-13,"Buttigieg"
"National",7.164214,2020-01-14,"Buttigieg"
"National",7.141199,2020-01-15,"Buttigieg"
"National",6.780482,2020-01-16,"Buttigieg"
"National",7.256814,2020-01-17,"Buttigieg"
"National",7.256814,2020-01-18,"Buttigieg"
"National",7.256364,2020-01-19,"Buttigieg"
"National",7.259856,2020-01-20,"Buttigieg"
"National",7.264181,2020-01-21,"Buttigieg"
"National",7.557394,2020-01-22,"Buttigieg"
"National",7.319016,2020-01-23,"Buttigieg"
"National",7.338973,2020-01-24,"Buttigieg"
"National",7.337657,2020-01-25,"Buttigieg"
"National",7.205718,2020-01-26,"Buttigieg"
"National",7.232209,2020-01-27,"Buttigieg"
"National",7.126673,2020-01-28,"Buttigieg"
"National",6.998463,2020-01-29,"Buttigieg"
"National",6.696079,2020-01-30,"Buttigieg"
"National",6.903065,2020-01-31,"Buttigieg"
"National",6.901916,2020-02-01,"Buttigieg"
"National",6.898744,2020-02-02,"Buttigieg"
"National",7.012091,2020-02-03,"Buttigieg"
"National",6.939208,2020-02-04,"Buttigieg"
"National",6.972744,2020-02-05,"Buttigieg"
"National",8.359316,2020-02-06,"Buttigieg"
"National",8.373781,2020-02-07,"Buttigieg"
"National",8.368559,2020-02-08,"Buttigieg"
"National",8.359237,2020-02-09,"Buttigieg"
"National",9.031947,2020-02-10,"Buttigieg"
"National",9.493973,2020-02-11,"Buttigieg"
"National",9.595819,2020-02-12,"Buttigieg"
"National",11.19725,2020-02-13,"Buttigieg"
"National",11.21363,2020-02-14,"Buttigieg"
"National",11.21363,2020-02-15,"Buttigieg"
"National",11.21363,2020-02-16,"Buttigieg"
"National",10.82487,2020-02-17,"Buttigieg"
"National",10.51258,2020-02-18,"Buttigieg"
"National",10.627,2020-02-19,"Buttigieg"
"National",10.63028,2020-02-20,"Buttigieg"
"National",10.9361,2020-02-21,"Buttigieg"
"National",10.9361,2020-02-22,"Buttigieg"
"National",10.40043,2020-02-23,"Buttigieg"
"National",10.46011,2020-02-24,"Buttigieg"
"National",10.81809,2020-02-25,"Buttigieg"
"National",10.70378,2020-02-26,"Buttigieg"
"National",10.85857,2020-02-27,"Buttigieg"
"National",10.1768,2020-02-28,"Buttigieg"
"National",10.1768,2020-02-29,"Buttigieg"
"National",10.18873,2020-03-01,"Buttigieg"
"National",17.91402,2019-03-01,"Sanders"
"National",17.855685,2019-03-02,"Sanders"
"National",17.855685,2019-03-03,"Sanders"
"National",19.136093,2019-03-04,"Sanders"
"National",20.430308,2019-03-05,"Sanders"
"National",20.430308,2019-03-06,"Sanders"
"National",20.430308,2019-03-07,"Sanders"
"National",20.430308,2019-03-08,"Sanders"
"National",20.430308,2019-03-09,"Sanders"
"National",20.42951,2019-03-10,"Sanders"
"National",21.103226,2019-03-11,"Sanders"
"National",21.103226,2019-03-12,"Sanders"
"National",21.103226,2019-03-13,"Sanders"
"National",21.103226,2019-03-14,"Sanders"
"National",21.103226,2019-03-15,"Sanders"
"National",21.103226,2019-03-16,"Sanders"
"National",21.102277,2019-03-17,"Sanders"
"National",20.958385,2019-03-18,"Sanders"
"National",22.152672,2019-03-19,"Sanders"
"National",22.152672,2019-03-20,"Sanders"
"National",22.213938,2019-03-21,"Sanders"
"National",22.220073,2019-03-22,"Sanders"
"National",22.220073,2019-03-23,"Sanders"
"National",22.242816,2019-03-24,"Sanders"
"National",21.287426,2019-03-25,"Sanders"
"National",20.896994,2019-03-26,"Sanders"
"National",20.37197,2019-03-27,"Sanders"
"National",20.378848,2019-03-28,"Sanders"
"National",20.378848,2019-03-29,"Sanders"
"National",20.378848,2019-03-30,"Sanders"
"National",20.384134,2019-03-31,"Sanders"
"National",20.234318,2019-04-01,"Sanders"
"National",20.234318,2019-04-02,"Sanders"
"National",20.234318,2019-04-03,"Sanders"
"National",20.234318,2019-04-04,"Sanders"
"National",20.228656,2019-04-05,"Sanders"
"National",20.228656,2019-04-06,"Sanders"
"National",19.777216,2019-04-07,"Sanders"
"National",19.65802,2019-04-08,"Sanders"
"National",19.634486,2019-04-09,"Sanders"
"National",19.658619,2019-04-10,"Sanders"
"National",19.646279,2019-04-11,"Sanders"
"National",19.646279,2019-04-12,"Sanders"
"National",19.646279,2019-04-13,"Sanders"
"National",19.646279,2019-04-14,"Sanders"
"National",20.370241,2019-04-15,"Sanders"
"National",20.067161,2019-04-16,"Sanders"
"National",20.067161,2019-04-17,"Sanders"
"National",20.067161,2019-04-18,"Sanders"
"National",20.077432,2019-04-19,"Sanders"
"National",20.037601,2019-04-20,"Sanders"
"National",20.037601,2019-04-21,"Sanders"
"National",20.067962,2019-04-22,"Sanders"
"National",20.066811,2019-04-23,"Sanders"
"National",19.163028,2019-04-24,"Sanders"
"National",19.163028,2019-04-25,"Sanders"
"National",18.124571,2019-04-26,"Sanders"
"National",18.124571,2019-04-27,"Sanders"
"National",18.124571,2019-04-28,"Sanders"
"National",16.967888,2019-04-29,"Sanders"
"National",16.275168,2019-04-30,"Sanders"
"National",16.279342,2019-05-01,"Sanders"
"National",15.849106,2019-05-02,"Sanders"
"National",15.843124,2019-05-03,"Sanders"
"National",15.843124,2019-05-04,"Sanders"
"National",15.441791,2019-05-05,"Sanders"
"National",15.145368,2019-05-06,"Sanders"
"National",15.145368,2019-05-07,"Sanders"
"National",15.148849,2019-05-08,"Sanders"
"National",15.150896,2019-05-09,"Sanders"
"National",15.007064,2019-05-10,"Sanders"
"National",15.001523,2019-05-11,"Sanders"
"National",15.171581,2019-05-12,"Sanders"
"National",16.685731,2019-05-13,"Sanders"
"National",16.685731,2019-05-14,"Sanders"
"National",16.530229,2019-05-15,"Sanders"
"National",16.530229,2019-05-16,"Sanders"
"National",16.530229,2019-05-17,"Sanders"
"National",16.530229,2019-05-18,"Sanders"
"National",16.089198,2019-05-19,"Sanders"
"National",16.271623,2019-05-20,"Sanders"
"National",16.346151,2019-05-21,"Sanders"
"National",16.357848,2019-05-22,"Sanders"
"National",16.357848,2019-05-23,"Sanders"
"National",16.357848,2019-05-24,"Sanders"
"National",16.357848,2019-05-25,"Sanders"
"National",16.50272,2019-05-26,"Sanders"
"National",16.518684,2019-05-27,"Sanders"
"National",16.518684,2019-05-28,"Sanders"
"National",16.515038,2019-05-29,"Sanders"
"National",16.486597,2019-05-30,"Sanders"
"National",16.415761,2019-05-31,"Sanders"
"National",16.776199,2019-06-01,"Sanders"
"National",16.776199,2019-06-02,"Sanders"
"National",16.575169,2019-06-03,"Sanders"
"National",17.125373,2019-06-04,"Sanders"
"National",16.908129,2019-06-05,"Sanders"
"National",16.721974,2019-06-06,"Sanders"
"National",16.719352,2019-06-07,"Sanders"
"National",16.719352,2019-06-08,"Sanders"
"National",16.719352,2019-06-09,"Sanders"
"National",16.685162,2019-06-10,"Sanders"
"National",17.067279,2019-06-11,"Sanders"
"National",16.770364,2019-06-12,"Sanders"
"National",16.297183,2019-06-13,"Sanders"
"National",16.297183,2019-06-14,"Sanders"
"National",16.297473,2019-06-15,"Sanders"
"National",16.294999,2019-06-16,"Sanders"
"National",16.24031,2019-06-17,"Sanders"
"National",16.066531,2019-06-18,"Sanders"
"National",15.927718,2019-06-19,"Sanders"
"National",15.927718,2019-06-20,"Sanders"
"National",15.94437,2019-06-21,"Sanders"
"National",16.164948,2019-06-22,"Sanders"
"National",16.164948,2019-06-23,"Sanders"
"National",15.924498,2019-06-24,"Sanders"
"National",16.755543,2019-06-25,"Sanders"
"National",16.641256,2019-06-26,"Sanders"
"National",16.587121,2019-06-27,"Sanders"
"National",16.618462,2019-06-28,"Sanders"
"National",16.85492,2019-06-29,"Sanders"
"National",16.4096,2019-06-30,"Sanders"
"National",16.059926,2019-07-01,"Sanders"
"National",15.791768,2019-07-02,"Sanders"
"National",15.756234,2019-07-03,"Sanders"
"National",15.756234,2019-07-04,"Sanders"
"National",15.764086,2019-07-05,"Sanders"
"National",15.764086,2019-07-06,"Sanders"
"National",15.764086,2019-07-07,"Sanders"
"National",15.844113,2019-07-08,"Sanders"
"National",15.432834,2019-07-09,"Sanders"
"National",15.142824,2019-07-10,"Sanders"
"National",15.15111,2019-07-11,"Sanders"
"National",15.153748,2019-07-12,"Sanders"
"National",15.119486,2019-07-13,"Sanders"
"National",15.037941,2019-07-14,"Sanders"
"National",15.206442,2019-07-15,"Sanders"
"National",15.214225,2019-07-16,"Sanders"
"National",15.061879,2019-07-17,"Sanders"
"National",14.951856,2019-07-18,"Sanders"
"National",14.867435,2019-07-19,"Sanders"
"National",14.867435,2019-07-20,"Sanders"
"National",14.867435,2019-07-21,"Sanders"
"National",14.477081,2019-07-22,"Sanders"
"National",14.443124,2019-07-23,"Sanders"
"National",14.448662,2019-07-24,"Sanders"
"National",14.448662,2019-07-25,"Sanders"
"National",14.146217,2019-07-26,"Sanders"
"National",14.449,2019-07-27,"Sanders"
"National",14.378969,2019-07-28,"Sanders"
"National",14.647407,2019-07-29,"Sanders"
"National",14.741534,2019-07-30,"Sanders"
"National",14.722247,2019-07-31,"Sanders"
"National",14.836373,2019-08-01,"Sanders"
"National",14.56773,2019-08-02,"Sanders"
"National",14.557347,2019-08-03,"Sanders"
"National",14.599546,2019-08-04,"Sanders"
"National",14.759745,2019-08-05,"Sanders"
"National",15.842317,2019-08-06,"Sanders"
"National",15.759208,2019-08-07,"Sanders"
"National",15.738016,2019-08-08,"Sanders"
"National",15.764851,2019-08-09,"Sanders"
"National",15.770893,2019-08-10,"Sanders"
"National",15.741196,2019-08-11,"Sanders"
"National",15.935064,2019-08-12,"Sanders"
"National",15.956017,2019-08-13,"Sanders"
"National",15.48694,2019-08-14,"Sanders"
"National",15.501781,2019-08-15,"Sanders"
"National",15.563421,2019-08-16,"Sanders"
"National",15.566478,2019-08-17,"Sanders"
"National",15.598226,2019-08-18,"Sanders"
"National",15.660188,2019-08-19,"Sanders"
"National",15.701872,2019-08-20,"Sanders"
"National",16.252101,2019-08-21,"Sanders"
"National",16.406251,2019-08-22,"Sanders"
"National",16.503797,2019-08-23,"Sanders"
"National",16.501346,2019-08-24,"Sanders"
"National",16.519698,2019-08-25,"Sanders"
"National",16.336058,2019-08-26,"Sanders"
"National",16.68885,2019-08-27,"Sanders"
"National",16.592734,2019-08-28,"Sanders"
"National",16.632374,2019-08-29,"Sanders"
"National",16.724049,2019-08-30,"Sanders"
"National",16.516407,2019-08-31,"Sanders"
"National",16.568681,2019-09-01,"Sanders"
"National",16.634269,2019-09-02,"Sanders"
"National",16.704012,2019-09-03,"Sanders"
"National",16.574036,2019-09-04,"Sanders"
"National",16.453592,2019-09-05,"Sanders"
"National",16.622082,2019-09-06,"Sanders"
"National",16.549967,2019-09-07,"Sanders"
"National",16.622877,2019-09-08,"Sanders"
"National",16.624382,2019-09-09,"Sanders"
"National",16.692992,2019-09-10,"Sanders"
"National",16.927498,2019-09-11,"Sanders"
"National",16.954492,2019-09-12,"Sanders"
"National",16.667416,2019-09-13,"Sanders"
"National",16.663598,2019-09-14,"Sanders"
"National",16.663598,2019-09-15,"Sanders"
"National",16.753067,2019-09-16,"Sanders"
"National",16.261854,2019-09-17,"Sanders"
"National",16.386268,2019-09-18,"Sanders"
"National",16.47137,2019-09-19,"Sanders"
"National",16.430663,2019-09-20,"Sanders"
"National",16.484512,2019-09-21,"Sanders"
"National",16.504773,2019-09-22,"Sanders"
"National",16.354853,2019-09-23,"Sanders"
"National",16.384462,2019-09-24,"Sanders"
"National",16.252939,2019-09-25,"Sanders"
"National",16.21921,2019-09-26,"Sanders"
"National",16.126698,2019-09-27,"Sanders"
"National",16.126698,2019-09-28,"Sanders"
"National",16.127939,2019-09-29,"Sanders"
"National",15.987664,2019-09-30,"Sanders"
"National",16.091787,2019-10-01,"Sanders"
"National",15.95482,2019-10-02,"Sanders"
"National",15.884008,2019-10-03,"Sanders"
"National",15.572761,2019-10-04,"Sanders"
"National",15.52462,2019-10-05,"Sanders"
"National",15.52462,2019-10-06,"Sanders"
"National",15.387798,2019-10-07,"Sanders"
"National",15.46167,2019-10-08,"Sanders"
"National",15.474934,2019-10-09,"Sanders"
"National",15.405199,2019-10-10,"Sanders"
"National",15.349377,2019-10-11,"Sanders"
"National",15.287516,2019-10-12,"Sanders"
"National",15.287516,2019-10-13,"Sanders"
"National",15.024272,2019-10-14,"Sanders"
"National",14.950127,2019-10-15,"Sanders"
"National",14.603119,2019-10-16,"Sanders"
"National",14.927284,2019-10-17,"Sanders"
"National",14.917313,2019-10-18,"Sanders"
"National",14.951186,2019-10-19,"Sanders"
"National",14.951186,2019-10-20,"Sanders"
"National",14.980265,2019-10-21,"Sanders"
"National",15.336332,2019-10-22,"Sanders"
"National",15.414924,2019-10-23,"Sanders"
"National",15.414983,2019-10-24,"Sanders"
"National",15.414983,2019-10-25,"Sanders"
"National",15.451085,2019-10-26,"Sanders"
"National",15.3553,2019-10-27,"Sanders"
"National",15.202469,2019-10-28,"Sanders"
"National",15.202109,2019-10-29,"Sanders"
"National",15.175157,2019-10-30,"Sanders"
"National",15.810816,2019-10-31,"Sanders"
"National",15.768666,2019-11-01,"Sanders"
"National",15.768666,2019-11-02,"Sanders"
"National",15.65692,2019-11-03,"Sanders"
"National",15.868547,2019-11-04,"Sanders"
"National",15.8446,2019-11-05,"Sanders"
"National",15.80469,2019-11-06,"Sanders"
"National",15.80469,2019-11-07,"Sanders"
"National",15.808508,2019-11-08,"Sanders"
"National",15.80901,2019-11-09,"Sanders"
"National",15.80901,2019-11-10,"Sanders"
"National",15.961245,2019-11-11,"Sanders"
"National",15.963881,2019-11-12,"Sanders"
"National",15.990444,2019-11-13,"Sanders"
"National",15.921444,2019-11-14,"Sanders"
"National",16.150931,2019-11-15,"Sanders"
"National",16.150931,2019-11-16,"Sanders"
"National",16.150931,2019-11-17,"Sanders"
"National",16.278293,2019-11-18,"Sanders"
"National",16.362209,2019-11-19,"Sanders"
"National",16.086234,2019-11-20,"Sanders"
"National",16.817771,2019-11-21,"Sanders"
"National",17.223649,2019-11-22,"Sanders"
"National",17.189803,2019-11-23,"Sanders"
"National",17.189803,2019-11-24,"Sanders"
"National",17.210467,2019-11-25,"Sanders"
"National",16.952264,2019-11-26,"Sanders"
"National",16.851388,2019-11-27,"Sanders"
"National",16.867687,2019-11-28,"Sanders"
"National",16.867687,2019-11-29,"Sanders"
"National",16.868845,2019-11-30,"Sanders"
"National",16.86884,2019-12-01,"Sanders"
"National",16.7729,2019-12-02,"Sanders"
"National",16.77271,2019-12-03,"Sanders"
"National",16.50709,2019-12-04,"Sanders"
"National",16.37258,2019-12-05,"Sanders"
"National",16.37258,2019-12-06,"Sanders"
"National",16.37258,2019-12-07,"Sanders"
"National",16.37258,2019-12-08,"Sanders"
"National",16.84649,2019-12-09,"Sanders"
"National",16.94491,2019-12-10,"Sanders"
"National",16.97264,2019-12-11,"Sanders"
"National",16.97393,2019-12-12,"Sanders"
"National",16.97393,2019-12-13,"Sanders"
"National",16.97393,2019-12-14,"Sanders"
"National",17.25285,2019-12-15,"Sanders"
"National",17.73721,2019-12-16,"Sanders"
"National",17.9415,2019-12-17,"Sanders"
"National",17.67906,2019-12-18,"Sanders"
"National",17.95909,2019-12-19,"Sanders"
"National",18.03274,2019-12-20,"Sanders"
"National",18.03274,2019-12-21,"Sanders"
"National",18.03274,2019-12-22,"Sanders"
"National",17.97963,2019-12-23,"Sanders"
"National",17.97963,2019-12-24,"Sanders"
"National",17.87795,2019-12-25,"Sanders"
"National",17.87795,2019-12-26,"Sanders"
"National",17.87795,2019-12-27,"Sanders"
"National",17.87795,2019-12-28,"Sanders"
"National",17.87795,2019-12-29,"Sanders"
"National",17.70659,2019-12-30,"Sanders"
"National",17.70659,2019-12-31,"Sanders"
"National",17.89981,2020-01-01,"Sanders"
"National",17.89981,2020-01-02,"Sanders"
"National",17.738784,2020-01-03,"Sanders"
"National",17.738784,2020-01-04,"Sanders"
"National",17.738784,2020-01-05,"Sanders"
"National",17.76333,2020-01-06,"Sanders"
"National",17.97813,2020-01-07,"Sanders"
"National",18.207298,2020-01-08,"Sanders"
"National",18.09521,2020-01-09,"Sanders"
"National",18.42469,2020-01-10,"Sanders"
"National",18.42469,2020-01-11,"Sanders"
"National",18.42469,2020-01-12,"Sanders"
"National",18.62994,2020-01-13,"Sanders"
"National",18.73235,2020-01-14,"Sanders"
"National",18.79587,2020-01-15,"Sanders"
"National",19.15063,2020-01-16,"Sanders"
"National",19.33904,2020-01-17,"Sanders"
"National",19.33904,2020-01-18,"Sanders"
"National",19.32532,2020-01-19,"Sanders"
"National",19.31677,2020-01-20,"Sanders"
"National",19.3093,2020-01-21,"Sanders"
"National",20.38851,2020-01-22,"Sanders"
"National",20.61165,2020-01-23,"Sanders"
"National",20.56485,2020-01-24,"Sanders"
"National",20.57592,2020-01-25,"Sanders"
"National",20.77014,2020-01-26,"Sanders"
"National",20.87952,2020-01-27,"Sanders"
"National",21.20245,2020-01-28,"Sanders"
"National",21.43203,2020-01-29,"Sanders"
"National",21.37522,2020-01-30,"Sanders"
"National",21.69305,2020-01-31,"Sanders"
"National",21.69523,2020-02-01,"Sanders"
"National",21.69637,2020-02-02,"Sanders"
"National",21.80392,2020-02-03,"Sanders"
"National",22.18171,2020-02-04,"Sanders"
"National",20.55072,2020-02-05,"Sanders"
"National",21.37746,2020-02-06,"Sanders"
"National",21.37582,2020-02-07,"Sanders"
"National",21.37485,2020-02-08,"Sanders"
"National",21.35755,2020-02-09,"Sanders"
"National",21.95471,2020-02-10,"Sanders"
"National",22.55776,2020-02-11,"Sanders"
"National",22.35405,2020-02-12,"Sanders"
"National",22.75073,2020-02-13,"Sanders"
"National",22.74345,2020-02-14,"Sanders"
"National",22.74345,2020-02-15,"Sanders"
"National",22.74345,2020-02-16,"Sanders"
"National",22.87243,2020-02-17,"Sanders"
"National",25.1653,2020-02-18,"Sanders"
"National",25.32517,2020-02-19,"Sanders"
"National",25.32629,2020-02-20,"Sanders"
"National",25.89244,2020-02-21,"Sanders"
"National",25.89244,2020-02-22,"Sanders"
"National",26.54076,2020-02-23,"Sanders"
"National",27.47283,2020-02-24,"Sanders"
"National",27.71227,2020-02-25,"Sanders"
"National",27.77518,2020-02-26,"Sanders"
"National",28.86178,2020-02-27,"Sanders"
"National",28.78909,2020-02-28,"Sanders"
"National",28.78909,2020-02-29,"Sanders"
"National",28.78486,2020-03-01,"Sanders"
"National",28.96051,2020-03-02,"Sanders"
"National",28.93425,2020-03-03,"Sanders"
"National",25.61086,2020-03-04,"Sanders"
"National",27.23122,2020-03-05,"Sanders"
"National",29.1301,2020-03-06,"Sanders"
"National",29.13142,2020-03-07,"Sanders"
"National",29.13006,2020-03-08,"Sanders"
"National",33.31422,2020-03-09,"Sanders"
"National",33.21093,2020-03-10,"Sanders"
"National",35.30208,2020-03-11,"Sanders"
"National",35.97597,2020-03-12,"Sanders"
"National",35.35405,2020-03-13,"Sanders"
"National",35.36216,2020-03-14,"Sanders"
"National",34.36496,2020-03-15,"Sanders"
"National",34.38553,2020-03-16,"Sanders"
"National",34.02479,2020-03-17,"Sanders"
"National",32.54705,2020-03-18,"Sanders"
"National",32.6147,2020-03-19,"Sanders"
"National",33.779,2020-03-20,"Sanders"
"National",33.779,2020-03-21,"Sanders"
"National",33.779,2020-03-22,"Sanders"
"National",33.779,2020-03-23,"Sanders"
"National",31.71754,2020-03-24,"Sanders"
"National",31.83112,2020-03-25,"Sanders"
"National",31.83112,2020-03-26,"Sanders"
"National",31.83107,2020-03-27,"Sanders"
"National",31.83107,2020-03-28,"Sanders"
"National",32.47113,2020-03-29,"Sanders"
"National",32.08435,2020-03-30,"Sanders"
"National",32.08435,2020-03-31,"Sanders"
"National",32.23506,2020-04-01,"Sanders"
"National",31.97916,2020-04-02,"Sanders"
"National",31.97916,2020-04-03,"Sanders"
"National",31.97916,2020-04-04,"Sanders"
"National",31.97916,2020-04-05,"Sanders"
"National",32.03374,2020-04-06,"Sanders"
"National",32.45761,2020-04-07,"Sanders"
"National",31.40975,2020-04-08,"Sanders"
"National",5.3958162,2019-03-01,"Warren"
"National",5.3943738,2019-03-02,"Warren"
"National",5.3943738,2019-03-03,"Warren"
"National",5.570622,2019-03-04,"Warren"
"National",6.0635313,2019-03-05,"Warren"
"National",6.0635313,2019-03-06,"Warren"
"National",6.0635313,2019-03-07,"Warren"
"National",6.0635313,2019-03-08,"Warren"
"National",6.0635313,2019-03-09,"Warren"
"National",6.0664405,2019-03-10,"Warren"
"National",6.3339986,2019-03-11,"Warren"
"National",6.3339986,2019-03-12,"Warren"
"National",6.3339986,2019-03-13,"Warren"
"National",6.3339986,2019-03-14,"Warren"
"National",6.3339986,2019-03-15,"Warren"
"National",6.3339986,2019-03-16,"Warren"
"National",6.3376013,2019-03-17,"Warren"
"National",6.4463322,2019-03-18,"Warren"
"National",6.8657306,2019-03-19,"Warren"
"National",6.8657306,2019-03-20,"Warren"
"National",6.2871383,2019-03-21,"Warren"
"National",6.2910725,2019-03-22,"Warren"
"National",6.2910725,2019-03-23,"Warren"
"National",6.3038878,2019-03-24,"Warren"
"National",6.1179834,2019-03-25,"Warren"
"National",5.7689392,2019-03-26,"Warren"
"National",5.8394625,2019-03-27,"Warren"
"National",5.8437879,2019-03-28,"Warren"
"National",5.8437879,2019-03-29,"Warren"
"National",5.8437879,2019-03-30,"Warren"
"National",5.8470868,2019-03-31,"Warren"
"National",5.8166219,2019-04-01,"Warren"
"National",5.8166219,2019-04-02,"Warren"
"National",5.8166219,2019-04-03,"Warren"
"National",5.8166219,2019-04-04,"Warren"
"National",5.8120682,2019-04-05,"Warren"
"National",5.8120682,2019-04-06,"Warren"
"National",5.8636275,2019-04-07,"Warren"
"National",5.9035423,2019-04-08,"Warren"
"National",5.8868766,2019-04-09,"Warren"
"National",5.8857675,2019-04-10,"Warren"
"National",5.8778427,2019-04-11,"Warren"
"National",5.8778427,2019-04-12,"Warren"
"National",5.8778427,2019-04-13,"Warren"
"National",5.8778427,2019-04-14,"Warren"
"National",5.649071,2019-04-15,"Warren"
"National",5.8809454,2019-04-16,"Warren"
"National",5.8809454,2019-04-17,"Warren"
"National",5.8809454,2019-04-18,"Warren"
"National",5.8786722,2019-04-19,"Warren"
"National",5.5797748,2019-04-20,"Warren"
"National",5.5797748,2019-04-21,"Warren"
"National",5.5994883,2019-04-22,"Warren"
"National",5.6005764,2019-04-23,"Warren"
"National",5.5006977,2019-04-24,"Warren"
"National",5.5006977,2019-04-25,"Warren"
"National",5.3441563,2019-04-26,"Warren"
"National",5.3441563,2019-04-27,"Warren"
"National",5.3441563,2019-04-28,"Warren"
"National",6.1380574,2019-04-29,"Warren"
"National",6.9272303,2019-04-30,"Warren"
"National",6.9584897,2019-05-01,"Warren"
"National",7.0022848,2019-05-02,"Warren"
"National",6.9976514,2019-05-03,"Warren"
"National",6.9976514,2019-05-04,"Warren"
"National",7.1956745,2019-05-05,"Warren"
"National",7.2235315,2019-05-06,"Warren"
"National",7.2235315,2019-05-07,"Warren"
"National",7.2243775,2019-05-08,"Warren"
"National",7.2251909,2019-05-09,"Warren"
"National",7.2974278,2019-05-10,"Warren"
"National",7.2960255,2019-05-11,"Warren"
"National",7.4050632,2019-05-12,"Warren"
"National",7.6180174,2019-05-13,"Warren"
"National",7.6180174,2019-05-14,"Warren"
"National",7.8167743,2019-05-15,"Warren"
"National",7.8167743,2019-05-16,"Warren"
"National",7.8167743,2019-05-17,"Warren"
"National",7.8167743,2019-05-18,"Warren"
"National",8.0732681,2019-05-19,"Warren"
"National",8.1099335,2019-05-20,"Warren"
"National",8.6363659,2019-05-21,"Warren"
"National",8.9864881,2019-05-22,"Warren"
"National",8.9864881,2019-05-23,"Warren"
"National",8.9864881,2019-05-24,"Warren"
"National",8.9864881,2019-05-25,"Warren"
"National",9.2122687,2019-05-26,"Warren"
"National",9.1799241,2019-05-27,"Warren"
"National",9.1799241,2019-05-28,"Warren"
"National",9.1881457,2019-05-29,"Warren"
"National",9.19458,2019-05-30,"Warren"
"National",9.350174,2019-05-31,"Warren"
"National",9.024021,2019-06-01,"Warren"
"National",9.024021,2019-06-02,"Warren"
"National",9.0255985,2019-06-03,"Warren"
"National",8.6145362,2019-06-04,"Warren"
"National",9.0753748,2019-06-05,"Warren"
"National",9.1781646,2019-06-06,"Warren"
"National",9.2073263,2019-06-07,"Warren"
"National",9.2073263,2019-06-08,"Warren"
"National",9.2073263,2019-06-09,"Warren"
"National",9.2417745,2019-06-10,"Warren"
"National",10.586173,2019-06-11,"Warren"
"National",10.987578,2019-06-12,"Warren"
"National",10.858536,2019-06-13,"Warren"
"National",10.858536,2019-06-14,"Warren"
"National",10.864289,2019-06-15,"Warren"
"National",10.852094,2019-06-16,"Warren"
"National",10.774151,2019-06-17,"Warren"
"National",10.952994,2019-06-18,"Warren"
"National",11.084749,2019-06-19,"Warren"
"National",11.084749,2019-06-20,"Warren"
"National",11.071249,2019-06-21,"Warren"
"National",11.766873,2019-06-22,"Warren"
"National",11.766873,2019-06-23,"Warren"
"National",11.881337,2019-06-24,"Warren"
"National",12.017793,2019-06-25,"Warren"
"National",12.215122,2019-06-26,"Warren"
"National",13.380418,2019-06-27,"Warren"
"National",13.325445,2019-06-28,"Warren"
"National",13.674566,2019-06-29,"Warren"
"National",13.593725,2019-06-30,"Warren"
"National",13.737095,2019-07-01,"Warren"
"National",13.877011,2019-07-02,"Warren"
"National",13.790847,2019-07-03,"Warren"
"National",13.790847,2019-07-04,"Warren"
"National",13.776281,2019-07-05,"Warren"
"National",13.776281,2019-07-06,"Warren"
"National",13.776281,2019-07-07,"Warren"
"National",13.857642,2019-07-08,"Warren"
"National",13.842754,2019-07-09,"Warren"
"National",14.180379,2019-07-10,"Warren"
"National",14.145449,2019-07-11,"Warren"
"National",14.122911,2019-07-12,"Warren"
"National",14.126636,2019-07-13,"Warren"
"National",14.359336,2019-07-14,"Warren"
"National",14.676567,2019-07-15,"Warren"
"National",14.67294,2019-07-16,"Warren"
"National",14.664026,2019-07-17,"Warren"
"National",14.564101,2019-07-18,"Warren"
"National",14.518273,2019-07-19,"Warren"
"National",14.518273,2019-07-20,"Warren"
"National",14.518273,2019-07-21,"Warren"
"National",14.562743,2019-07-22,"Warren"
"National",14.570652,2019-07-23,"Warren"
"National",14.483175,2019-07-24,"Warren"
"National",14.483175,2019-07-25,"Warren"
"National",14.125442,2019-07-26,"Warren"
"National",14.722605,2019-07-27,"Warren"
"National",14.52216,2019-07-28,"Warren"
"National",14.102159,2019-07-29,"Warren"
"National",13.934908,2019-07-30,"Warren"
"National",13.83883,2019-07-31,"Warren"
"National",13.561539,2019-08-01,"Warren"
"National",13.664948,2019-08-02,"Warren"
"National",13.666005,2019-08-03,"Warren"
"National",13.623151,2019-08-04,"Warren"
"National",14.844285,2019-08-05,"Warren"
"National",15.424525,2019-08-06,"Warren"
"National",15.326227,2019-08-07,"Warren"
"National",15.259872,2019-08-08,"Warren"
"National",15.205004,2019-08-09,"Warren"
"National",15.23207,2019-08-10,"Warren"
"National",15.276184,2019-08-11,"Warren"
"National",15.151836,2019-08-12,"Warren"
"National",15.136826,2019-08-13,"Warren"
"National",15.849814,2019-08-14,"Warren"
"National",15.907898,2019-08-15,"Warren"
"National",15.941669,2019-08-16,"Warren"
"National",15.940913,2019-08-17,"Warren"
"National",15.9443,2019-08-18,"Warren"
"National",15.736822,2019-08-19,"Warren"
"National",15.729868,2019-08-20,"Warren"
"National",15.895914,2019-08-21,"Warren"
"National",15.769113,2019-08-22,"Warren"
"National",15.823673,2019-08-23,"Warren"
"National",15.840046,2019-08-24,"Warren"
"National",15.916355,2019-08-25,"Warren"
"National",15.75686,2019-08-26,"Warren"
"National",16.313667,2019-08-27,"Warren"
"National",16.408772,2019-08-28,"Warren"
"National",16.462954,2019-08-29,"Warren"
"National",16.371179,2019-08-30,"Warren"
"National",16.694148,2019-08-31,"Warren"
"National",16.721953,2019-09-01,"Warren"
"National",16.749463,2019-09-02,"Warren"
"National",16.902176,2019-09-03,"Warren"
"National",16.965873,2019-09-04,"Warren"
"National",17.370554,2019-09-05,"Warren"
"National",17.545429,2019-09-06,"Warren"
"National",17.756868,2019-09-07,"Warren"
"National",17.814867,2019-09-08,"Warren"
"National",17.632372,2019-09-09,"Warren"
"National",17.75658,2019-09-10,"Warren"
"National",17.403836,2019-09-11,"Warren"
"National",17.508375,2019-09-12,"Warren"
"National",18.564401,2019-09-13,"Warren"
"National",18.572452,2019-09-14,"Warren"
"National",18.572452,2019-09-15,"Warren"
"National",18.732821,2019-09-16,"Warren"
"National",19.071603,2019-09-17,"Warren"
"National",18.755501,2019-09-18,"Warren"
"National",18.766933,2019-09-19,"Warren"
"National",18.885388,2019-09-20,"Warren"
"National",18.590391,2019-09-21,"Warren"
"National",18.634786,2019-09-22,"Warren"
"National",18.69715,2019-09-23,"Warren"
"National",19.491361,2019-09-24,"Warren"
"National",19.70354,2019-09-25,"Warren"
"National",19.790833,2019-09-26,"Warren"
"National",19.881481,2019-09-27,"Warren"
"National",19.881481,2019-09-28,"Warren"
"National",19.867114,2019-09-29,"Warren"
"National",20.561955,2019-09-30,"Warren"
"National",20.867403,2019-10-01,"Warren"
"National",21.043919,2019-10-02,"Warren"
"National",21.156388,2019-10-03,"Warren"
"National",21.33041,2019-10-04,"Warren"
"National",21.744006,2019-10-05,"Warren"
"National",21.744006,2019-10-06,"Warren"
"National",22.099375,2019-10-07,"Warren"
"National",22.491749,2019-10-08,"Warren"
"National",22.597778,2019-10-09,"Warren"
"National",22.720858,2019-10-10,"Warren"
"National",22.828427,2019-10-11,"Warren"
"National",22.686169,2019-10-12,"Warren"
"National",22.686169,2019-10-13,"Warren"
"National",22.697703,2019-10-14,"Warren"
"National",22.731978,2019-10-15,"Warren"
"National",23.677492,2019-10-16,"Warren"
"National",23.088848,2019-10-17,"Warren"
"National",22.892279,2019-10-18,"Warren"
"National",22.90485,2019-10-19,"Warren"
"National",22.90485,2019-10-20,"Warren"
"National",22.512288,2019-10-21,"Warren"
"National",22.680232,2019-10-22,"Warren"
"National",22.213625,2019-10-23,"Warren"
"National",22.201879,2019-10-24,"Warren"
"National",22.201879,2019-10-25,"Warren"
"National",22.404054,2019-10-26,"Warren"
"National",22.155459,2019-10-27,"Warren"
"National",22.243342,2019-10-28,"Warren"
"National",22.24006,2019-10-29,"Warren"
"National",22.110768,2019-10-30,"Warren"
"National",22.180617,2019-10-31,"Warren"
"National",22.115166,2019-11-01,"Warren"
"National",22.115166,2019-11-02,"Warren"
"National",22.101843,2019-11-03,"Warren"
"National",21.620614,2019-11-04,"Warren"
"National",21.340572,2019-11-05,"Warren"
"National",21.341089,2019-11-06,"Warren"
"National",21.341089,2019-11-07,"Warren"
"National",21.336105,2019-11-08,"Warren"
"National",21.32982,2019-11-09,"Warren"
"National",21.32982,2019-11-10,"Warren"
"National",20.729034,2019-11-11,"Warren"
"National",20.733938,2019-11-12,"Warren"
"National",20.900229,2019-11-13,"Warren"
"National",20.862721,2019-11-14,"Warren"
"National",20.488269,2019-11-15,"Warren"
"National",20.488269,2019-11-16,"Warren"
"National",20.488269,2019-11-17,"Warren"
"National",20.234783,2019-11-18,"Warren"
"National",19.821015,2019-11-19,"Warren"
"National",19.681292,2019-11-20,"Warren"
"National",19.659617,2019-11-21,"Warren"
"National",17.811018,2019-11-22,"Warren"
"National",17.594041,2019-11-23,"Warren"
"National",17.594041,2019-11-24,"Warren"
"National",17.096138,2019-11-25,"Warren"
"National",16.625941,2019-11-26,"Warren"
"National",16.391686,2019-11-27,"Warren"
"National",16.389133,2019-11-28,"Warren"
"National",16.389133,2019-11-29,"Warren"
"National",16.017552,2019-11-30,"Warren"
"National",16.01755,2019-12-01,"Warren"
"National",15.68718,2019-12-02,"Warren"
"National",15.6909,2019-12-03,"Warren"
"National",15.48658,2019-12-04,"Warren"
"National",15.01185,2019-12-05,"Warren"
"National",15.01185,2019-12-06,"Warren"
"National",15.01185,2019-12-07,"Warren"
"National",15.01185,2019-12-08,"Warren"
"National",15.12286,2019-12-09,"Warren"
"National",14.85728,2019-12-10,"Warren"
"National",14.93442,2019-12-11,"Warren"
"National",14.93754,2019-12-12,"Warren"
"National",14.93754,2019-12-13,"Warren"
"National",14.93754,2019-12-14,"Warren"
"National",14.84719,2019-12-15,"Warren"
"National",14.77045,2019-12-16,"Warren"
"National",14.34468,2019-12-17,"Warren"
"National",14.57901,2019-12-18,"Warren"
"National",14.80586,2019-12-19,"Warren"
"National",14.82667,2019-12-20,"Warren"
"National",14.82667,2019-12-21,"Warren"
"National",14.82667,2019-12-22,"Warren"
"National",14.50935,2019-12-23,"Warren"
"National",14.50935,2019-12-24,"Warren"
"National",14.73544,2019-12-25,"Warren"
"National",14.73544,2019-12-26,"Warren"
"National",14.73544,2019-12-27,"Warren"
"National",14.73544,2019-12-28,"Warren"
"National",14.73544,2019-12-29,"Warren"
"National",15.07758,2019-12-30,"Warren"
"National",15.07758,2019-12-31,"Warren"
"National",14.87853,2020-01-01,"Warren"
"National",14.87853,2020-01-02,"Warren"
"National",14.992506,2020-01-03,"Warren"
"National",14.992506,2020-01-04,"Warren"
"National",14.992506,2020-01-05,"Warren"
"National",15.00544,2020-01-06,"Warren"
"National",15.30976,2020-01-07,"Warren"
"National",15.656197,2020-01-08,"Warren"
"National",15.36873,2020-01-09,"Warren"
"National",15.98401,2020-01-10,"Warren"
"National",15.98401,2020-01-11,"Warren"
"National",15.98401,2020-01-12,"Warren"
"National",16.30711,2020-01-13,"Warren"
"National",16.05311,2020-01-14,"Warren"
"National",15.99837,2020-01-15,"Warren"
"National",16.42948,2020-01-16,"Warren"
"National",15.96639,2020-01-17,"Warren"
"National",15.96639,2020-01-18,"Warren"
"National",15.97067,2020-01-19,"Warren"
"National",15.9714,2020-01-20,"Warren"
"National",15.97237,2020-01-21,"Warren"
"National",15.77385,2020-01-22,"Warren"
"National",15.51656,2020-01-23,"Warren"
"National",15.42695,2020-01-24,"Warren"
"National",15.41167,2020-01-25,"Warren"
"National",15.38976,2020-01-26,"Warren"
"National",15.18096,2020-01-27,"Warren"
"National",14.78679,2020-01-28,"Warren"
"National",15.00627,2020-01-29,"Warren"
"National",14.96769,2020-01-30,"Warren"
"National",14.9675,2020-01-31,"Warren"
"National",14.96378,2020-02-01,"Warren"
"National",15.00459,2020-02-02,"Warren"
"National",14.63216,2020-02-03,"Warren"
"National",14.58928,2020-02-04,"Warren"
"National",14.48836,2020-02-05,"Warren"
"National",13.27208,2020-02-06,"Warren"
"National",13.28394,2020-02-07,"Warren"
"National",13.28224,2020-02-08,"Warren"
"National",13.28344,2020-02-09,"Warren"
"National",13.34033,2020-02-10,"Warren"
"National",13.15673,2020-02-11,"Warren"
"National",12.90601,2020-02-12,"Warren"
"National",11.80277,2020-02-13,"Warren"
"National",11.77017,2020-02-14,"Warren"
"National",11.77017,2020-02-15,"Warren"
"National",11.77017,2020-02-16,"Warren"
"National",11.75763,2020-02-17,"Warren"
"National",11.57281,2020-02-18,"Warren"
"National",11.95445,2020-02-19,"Warren"
"National",11.99144,2020-02-20,"Warren"
"National",11.88072,2020-02-21,"Warren"
"National",11.88072,2020-02-22,"Warren"
"National",12.87715,2020-02-23,"Warren"
"National",12.91917,2020-02-24,"Warren"
"National",12.95103,2020-02-25,"Warren"
"National",12.8874,2020-02-26,"Warren"
"National",12.69472,2020-02-27,"Warren"
"National",12.30045,2020-02-28,"Warren"
"National",12.30045,2020-02-29,"Warren"
"National",12.30213,2020-03-01,"Warren"
"National",12.45786,2020-03-02,"Warren"
"National",12.43878,2020-03-03,"Warren"
"National",13.45913,2020-03-04,"Warren"
"National",13.35063,2020-03-05,"Warren"
